filename,pmid,first_author,year,title,journal,doi,pmcid,authors_count,pub_types,has_abstract,open_access
Hetta_2025,41599011,Hetta,2025,Taming Superbugs: Current Progress and Challenges in Combating ESKAPE Pathogens.,"Pathogens (Basel, Switzerland)",10.3390/pathogens15010028,PMC12845504,13,Journal Article; Review,yes,yes
Masoomi_2025,41422868,Masoomi,2025,Salvia abrotanoides leaves and flowers essential oils inhibit the quorum-sensing system of extensively drug-resistant (XDR) Acinetobacter baumannii.,Microbial pathogenesis,10.1016/j.micpath.2025.108256,,5,Journal Article,yes,unknown
Arazi_2025,41420149,Arazi,2025,Genomic and functional characterization of a novel lytic phage vB-AbaM-fThrA with anti-biofilm activity against CR-MDR Acinetobacter baumannii.,BMC microbiology,10.1186/s12866-025-04525-z,PMC12859838,7,Journal Article,yes,yes
Nosair_2025,41390371,Nosair,2025,"Deciphering the efficacy of staphyloxanthin-encapsulated niosomal nanovesicles to attenuate biofilm formation, quorum sensing, and meropenem persistence in Acinetobacter baumannii.",BMC microbiology,10.1186/s12866-025-04507-1,PMC12701606,5,Journal Article,yes,yes
Vinitha_2025,41379337,Vinitha,2025,"Acinetobacter baumannii-rare virulence factors and pathogenesis: the impact of biofilm associated protein (Bap), outer membrane vesicles, and iron acquisition system.",Archives of microbiology,10.1007/s00203-025-04623-6,,2,Journal Article; Review,yes,unknown
deVilliersdelaNoue_2025,41305464,de Villiers de la Noue,2025,Rational Design of a Potent Two-Phage Cocktail Against a Contemporary Acinetobacter baumannii Strain Recovered from a Burned Patient at the Lausanne University Hospital.,Viruses,10.3390/v17111441,PMC12656882,4,Journal Article,yes,yes
Qadir_2025,41218264,Qadir,2025,Antibacterial and antibiofilm activities of bioactive metabolites from Salmonella typhi against multidrug-resistant pathogens.,Bioorganic chemistry,10.1016/j.bioorg.2025.109226,,3,"Journal Article; Research Support, Non-U.S. Gov't",yes,unknown
VeraJauregui_2025,41148653,Vera-Jauregui,2025,A Newly Discovered Obolenskvirus Phage with Sustained Lytic Activity Against Multidrug-Resistant Acinetobacter baumannii.,"Antibiotics (Basel, Switzerland)",10.3390/antibiotics14100961,PMC12561047,8,Journal Article,yes,yes
Wei_2025,41102536,Wei,2025,Harnessing Plant Essential Oils to Combat Acinetobacter baumannii: Research Progress in Antimicrobial Mechanisms and Therapeutic Prospects.,Current microbiology,10.1007/s00284-025-04533-2,,10,Journal Article; Review,yes,unknown
DzibBaak_2025,41084179,Dzib-Baak,2025,Mechanistic Insights Into the Effect of the Essential Oil of Ambrosia hispida Pursh. Against Multidrug-Resistant Clinical Isolates of Acinetobacter baumannii.,Chemistry & biodiversity,10.1002/cbdv.202502050,,8,Journal Article,yes,unknown
Santajit_2025,41064837,Santajit,2025,Phytochemical inhibition of quorum sensing and biofilm formation by Paederia foetida Linn. against multidrug-resistant Acinetobacter baumannii: An integrated in vitro and in silico investigation.,Veterinary world,10.14202/vetworld.2025.2181-2193,PMC12501579,8,Journal Article,yes,yes
Nghiem_2025,40961326,Nghiem,2025,"Dominance of high-risk clones ST2 and ST571 and the diversity of resistance islands in clinical Acinetobacter baumannii isolates from Hanoi, Vietnam.",Microbial genomics,10.1099/mgen.0.001500,PMC12444785,6,Journal Article,yes,yes
Elshamy_2025,40916327,Elshamy,2025,Genomic analysis and preclinical evaluation of two hydrogel-formulated novel virulent phages isolated against a carbapenem-resistant Acinetobacter baumannii.,Virology,10.1016/j.virol.2025.110676,,16,Journal Article,yes,unknown
Sorenson_2025,40871320,Sorenson,2025,Biofilm Formation and the Role of Efflux Pumps in ESKAPE Pathogens.,Microorganisms,10.3390/microorganisms13081816,PMC12388334,3,Journal Article; Review,yes,yes
Essam_2025,40739242,Essam,2025,"Isolation and characterization of phages ΦZC2 and ΦZC3 against carbapenem-resistant Acinetobacter baumannii, and efficacy of ΦZC3 on A549 cells.",Virology journal,10.1186/s12985-025-02885-6,PMC12308983,8,"Journal Article; Research Support, Non-U.S. Gov't",yes,yes
DudaMadej_2025,40732238,Duda-Madej,2025,Exploring the Role of Berberine as a Molecular Disruptor in Antimicrobial Strategies.,"Pharmaceuticals (Basel, Switzerland)",10.3390/ph18070947,PMC12299710,4,Journal Article; Review,yes,yes
MajidiFard_2025,40718444,Majidi Fard,2025,Investigation of Peppermint (Mentha piperita) Extract on the Inhibition of Biofilm Formation by Acinetobacter baumannii Strains Isolated from Clinical Samples.,Iranian journal of pharmaceutical research : IJPR,10.5812/ijpr-160772,PMC12297010,5,Journal Article,yes,yes
Ghavanloughajar_2025,40705813,Ghavanloughajar,2025,Human whole blood influences the expression of Acinetobacter baumannii genes related to translation and siderophore production.,PloS one,10.1371/journal.pone.0326330,PMC12289009,4,Journal Article,yes,yes
Wiradiputra_2025,40686839,Wiradiputra,2025,Genomic insights into biofilm-associated virulence in extensively drug-resistant Acinetobacter baumannii.,Current research in microbial sciences,10.1016/j.crmicr.2025.100434,PMC12272471,5,Journal Article,yes,yes
Cui_2025,40660701,Cui,2025,Carnosol attenuates Acinetobacter baumannii virulence by interfering with indole-mediated quorum sensing.,Virulence,10.1080/21505594.2025.2530169,PMC12269709,8,"Journal Article; Research Support, Non-U.S. Gov't",yes,yes
Lebreton_2025,40598567,Lebreton,2025,High genetic relatedness between multidrug resistant bacteria before and after the 2022 invasion of Ukraine.,Genome medicine,10.1186/s13073-025-01500-1,PMC12220160,14,"Journal Article; Research Support, Non-U.S. Gov't",yes,yes
Azimi_2025,40529473,Azimi,2025,Virulent genes related to the synthesis of community interaction factors among clinical samples of multidrug-resistant Acinetobacter baumannii in Iran.,GMS hygiene and infection control,10.3205/dgkh000552,PMC12172066,9,Journal Article,yes,yes
YuCheng_2025,40513689,Yu Cheng,2025,Storage stability prediction of spray dried Anti-Acinetobacter baumannii phage and phage cocktail powders.,International journal of pharmaceutics,10.1016/j.ijpharm.2025.125842,,5,Journal Article,yes,unknown
Cui_2025_2,40510767,Cui,2025,Signaling in Acinetobacter baumannii: Quorum sensing and nucleotide second messengers.,Computational and structural biotechnology journal,10.1016/j.csbj.2025.05.032,PMC12162036,4,Journal Article; Review,yes,yes
Chanchaithong_2025,40490126,Chanchaithong,2025,Localization of AbaR4-type genomic islands and multidrug resistance plasmids in multiple Acinetobacter baumannii clones and Acinetobacter pittii from infections of dogs and cats.,"Infection, genetics and evolution : journal of molecular epidemiology and evolutionary genetics in infectious diseases",10.1016/j.meegid.2025.105782,,7,"Journal Article; Research Support, Non-U.S. Gov't",yes,unknown
Carpenito_2025,40426583,Carpenito,2025,LC-MS/MS Determination of Quorum Sensing Molecules in Plasma from Burn Patients with Septic Shock Sustained by Acinetobacter Baumannii.,"Antibiotics (Basel, Switzerland)",10.3390/antibiotics14050517,PMC12108150,11,Journal Article,yes,yes
Wheeler_2025,40422247,Wheeler,2025,MvfR Shapes Pseudomonas aeruginosa Interactions in Polymicrobial Contexts: Implications for Targeted Quorum-Sensing Inhibition.,Cells,10.3390/cells14100744,PMC12109783,7,"Journal Article; Research Support, N.I.H., Extramural; Research Support, Non-U.S. Gov't",yes,yes
Alagesan_2025,40420564,Alagesan,2025,Targeting TetR-family transcription regulators for combating tetracycline resistance in resilient Acinetobacter baumannii: in silico identification of potent inhibitors.,Journal of biomolecular structure & dynamics,10.1080/07391102.2025.2507812,,6,Journal Article,yes,unknown
Xie_2025,40407309,Xie,2025,"Contribution of RND superfamily multidrug efflux pumps AdeABC, AdeFGH, and AdeIJK to antimicrobial resistance and virulence factors in multidrug-resistant Acinetobacter baumannii AYE.",Antimicrobial agents and chemotherapy,10.1128/aac.01858-24,PMC12217454,7,"Journal Article; Research Support, Non-U.S. Gov't",yes,yes
Tolah_2025,40387740,Tolah,2025,Genome of a Carbapenem Resistant Acinetobacter baumannii Isolate of a new Sequence Type ST1724 from Saudi Arabia.,Clinical laboratory,10.7754/Clin.Lab.2024.240926,,6,Journal Article,yes,unknown
Khafagy_2025,40384051,Khafagy,2025,"Repurposing Nitroimidazoles: A New Frontier in Combatting Bacterial Virulence and Quorum Sensing via In Silico, In Vitro, and In Vivo Insights.",Drug development research,10.1002/ddr.70101,,8,Journal Article,yes,unknown
Li_2025,40231681,Li,2025,Indole derivatives display antimicrobial and antibiofilm effects against extensively drug-resistant Acinetobacter baumannii.,Microbiology spectrum,10.1128/spectrum.03388-24,PMC12073863,4,Journal Article,yes,yes
Jiang_2025,40164737,Jiang,2025,Terramide A: a novel ironophore targeting Acinetobacter baumannii with mechanistic insights into bacterial iron deprivation.,The Journal of antibiotics,10.1038/s41429-025-00816-9,,13,"Journal Article; Research Support, Non-U.S. Gov't",yes,unknown
Krishnan_2025,40100248,Krishnan,2025,Fractional inhibitory concentration of bio-actives from agricultural waste disassembles biofilms and quenches virulence of nosocomial pathogens.,Journal of medical microbiology,10.1099/jmm.0.001980,PMC11920071,4,Journal Article,yes,yes
Chong_2025,40098357,Chong,2025,Insights into biofilm-mediated mechanisms driving last-resort antibiotic resistance in clinical ESKAPE pathogens.,Critical reviews in microbiology,10.1080/1040841X.2025.2473332,,4,Journal Article; Review,yes,unknown
lek_2025,40090498,İşlek,2025,Isolation and characterization a novel Acinetobacter bacteriophage with activity against several multidrug-resistant Gram-negative bacteria.,Microbial pathogenesis,10.1016/j.micpath.2025.107488,,4,Journal Article,yes,unknown
Su_2025,40057696,Su,2025,Characterization of a novel lytic phage vB_AbaM_AB4P2 encoding depolymerase and its application in eliminating biofilms formed by Acinetobacter baumannii.,BMC microbiology,10.1186/s12866-025-03854-3,PMC11889872,9,Journal Article,yes,yes
Aruwa_2025,40056709,Aruwa,2025,Modulating Acinetobacter baumannii BfmR (RstA) drug target: Daniellia oliveri compounds as RstA quorum sensing inhibitors.,Computational biology and chemistry,10.1016/j.compbiolchem.2025.108413,,4,Journal Article,yes,unknown
BellI_2025,39938338,Bell I,2025,Targeting the quorum sensing network in Acinetobacter baumannii: A dual target structure-based approach for the development of novel antimicrobials.,Computers in biology and medicine,10.1016/j.compbiomed.2025.109828,,2,Journal Article,yes,unknown
Beasley_2025,39896648,Beasley,2025,Breaking the Phalanx: Overcoming Bacterial Drug Resistance with Quorum Sensing Inhibitors that Enhance Therapeutic Activity of Antibiotics.,bioRxiv : the preprint server for biology,10.1101/2025.01.17.633658,PMC11785035,9,Journal Article; Preprint,yes,yes
Zhang_2025,39806310,Zhang,2025,Understanding the clinical and molecular epidemiological characteristics of carbapenem-resistant Acinetobacter baumannii infections within intensive care units of three teaching hospitals.,Annals of clinical microbiology and antimicrobials,10.1186/s12941-024-00766-4,PMC11731405,8,Journal Article,yes,yes
Sharma_2025,39799303,Sharma,2025,Comparative study of phenotypic and genotypic expression of virulence factors in colonizing and pathogenic carbapenem resistant Acinetobacter baumannii (CRAB).,BMC microbiology,10.1186/s12866-024-03727-1,PMC11724464,7,Journal Article; Comparative Study,yes,yes
Zehra_2025,39778756,Zehra,2025,"Relationship of biofilm formation with antibiotic resistance, virulence determinants and genetic diversity in clinically isolated Acinetobacter baumannii strains in Karachi, Pakistan.",Microbial pathogenesis,10.1016/j.micpath.2025.107283,,7,Journal Article,yes,unknown
Liu_2024,39759767,Liu,2024,Molecular Epidemiology and Genetic Characterization of Carbapenem-Resistant Acinetobacter baumannii Isolates from the ICU of a Tertiary Hospital in East China.,Infection and drug resistance,10.2147/IDR.S491858,PMC11699857,10,Journal Article,yes,yes
Pathoor_2024,39739165,Pathoor,2024,3-Hydroxybenzoic acid inhibits the virulence attributes and disrupts biofilm production in clinical isolates of Acinetobacter baumannii.,European journal of clinical microbiology & infectious diseases : official publication of the European Society of Clinical Microbiology,10.1007/s10096-024-05009-0,,8,Journal Article,yes,unknown
Rothong_2024,39735565,Rothong,2024,Antimicrobial activity and synergistic effect of phage-encoded antimicrobial peptides with colistin and outer membrane permeabilizing agents against Acinetobacter baumannii.,PeerJ,10.7717/peerj.18722,PMC11674141,10,Journal Article,yes,yes
Oh_2024,39551112,Oh,2024,Comparative genomic and phenotypic analysis of low- and high-virulent Acinetobacter baumannii strains: Insights into antimicrobial resistance and virulence potential.,Microbial pathogenesis,10.1016/j.micpath.2024.107118,,8,Journal Article; Comparative Study,yes,unknown
Swain_2024,39543024,Swain,2024,Transcriptome and interactome-based analyses to unravel crucial proteins and pathways involved in Acinetobacter baumannii pathogenesis.,Molecular diversity,10.1007/s11030-024-11041-1,,3,Journal Article,yes,unknown
Chen_2024,39414173,Chen,2024,Emergence of extensively-drug-resistant hypervirulent Acinetobacter baumannii isolated from patients with bacteraemia: bacterial phenotype and virulence analysis.,International journal of antimicrobial agents,10.1016/j.ijantimicag.2024.107358,,7,Journal Article,yes,unknown
Subbarayudu_2024,39375235,Subbarayudu,2024,Impact of acidic and alkaline conditions on Staphylococcus aureus and Acinetobacter baumannii interactions and their biofilms.,Archives of microbiology,10.1007/s00203-024-04142-w,,6,Journal Article,yes,unknown
Benyamini_2024,39337268,Benyamini,2024,The Comparative Characterization of a Hypervirulent Acinetobacter baumannii Bacteremia Clinical Isolate Reveals a Novel Mechanism of Pathogenesis.,International journal of molecular sciences,10.3390/ijms25189780,PMC11432228,1,Journal Article; Comparative Study,yes,yes
Yao_2024,39334982,Yao,2024,"Comparison of Hypervirulent and Non-Hypervirulent Carbapenem-Resistant Acinetobacter baumannii Isolated from Bloodstream Infections: Mortality, Potential Virulence Factors, and Combination Therapy In Vitro.","Antibiotics (Basel, Switzerland)",10.3390/antibiotics13090807,PMC11428969,14,Journal Article,yes,yes
Ribeiro_2024,39293727,Ribeiro,2024,Eugenol as a promising antibiofilm and anti-quorum sensing agent: A systematic review.,Microbial pathogenesis,10.1016/j.micpath.2024.106937,,7,Journal Article; Systematic Review,yes,unknown
Tuffet_2024,39288183,Tuffet,2024,Manipulation of natural transformation by AbaR-type islands promotes fixation of antibiotic resistance in Acinetobacter baumannii.,Proceedings of the National Academy of Sciences of the United States of America,10.1073/pnas.2409843121,PMC11441513,8,Journal Article,yes,yes
Pumirat_2024,39277662,Pumirat,2024,"Impact of AbaI mutation on virulence, biofilm development, and antibiotic susceptibility in Acinetobacter baumannii.",Scientific reports,10.1038/s41598-024-72740-1,PMC11401864,11,Journal Article,yes,yes
Chen_2024_2,39270758,Chen,2024,"Clinical, phenotypic characterization and genomic analysis of the mucoid Acinetobacter baumannii from a teaching hospital.",Microbial pathogenesis,10.1016/j.micpath.2024.106929,,10,Journal Article,yes,unknown
Dong_2024,39252274,Dong,2024,Erythromycin disrupts Acinetobacter baumannii biofilms through destruction of the quorum sensing system.,Medicine,10.1097/MD.0000000000038341,PMC11383728,7,Journal Article,yes,yes
Harkova_2024,39241032,Harkova,2024,Cyclic AMP is a global virulence regulator governing inter and intrabacterial signalling in Acinetobacter baumannii.,PLoS pathogens,10.1371/journal.ppat.1012529,PMC11410210,5,Journal Article,yes,yes
Escalante_2024,39160175,Escalante,2024,Carbapenem-resistant Acinetobacter baumannii (CRAB): metabolic adaptation and transcriptional response to human urine (HU).,Scientific reports,10.1038/s41598-024-70216-w,PMC11333713,14,Journal Article,yes,yes
Jiang_2024,39116980,Jiang,2024,The role of AbaI quorum sensing molecule synthase in host cell inflammation induced by Acinetobacter baumannii and its effect on zebrafish infection model.,International journal of biological macromolecules,10.1016/j.ijbiomac.2024.134568,,8,Journal Article,yes,unknown
Li_2024,39066795,Li,2024,A novel Saclayvirus Acinetobacter baumannii phage genomic analysis and effectiveness in preventing pneumonia.,Applied microbiology and biotechnology,10.1007/s00253-024-13208-0,PMC11283397,11,Journal Article,yes,yes
deSouza_2024,38942450,de Souza,2024,Evaluating virulence features of Acinetobacter baumannii resistant to polymyxin B.,Letters in applied microbiology,10.1093/lambio/ovae061,,10,Journal Article,yes,unknown
Firdose_2024,38879138,Firdose,2024,Antibacterial mechanism of Pseudomonas aeruginosa UKMP14T rhamnolipids against multidrug resistant Acinetobacter baumannii.,Microbial pathogenesis,10.1016/j.micpath.2024.106743,,6,Journal Article,yes,unknown
Escalante_2024_2,38853891,Escalante,2024,Carbapenem-resistant Acinetobacter baumannii (CRAB): metabolic adaptation and transcriptional response to human urine (HU).,Research square,10.21203/rs.3.rs-4415275/v1,PMC11160873,14,Journal Article; Preprint,yes,yes
Guo_2024,38812547,Guo,2024,Acinetobacter baumannii biofilm was inhibited by tryptanthrin through disrupting its different stages and genes expression.,iScience,10.1016/j.isci.2024.109942,PMC11134903,9,Journal Article,yes,yes
Koshak_2024,38767683,Koshak,2024,Piceatannol: a renaissance in antibacterial innovation unveiling synergistic potency and virulence disruption against serious pathogens.,International microbiology : the official journal of the Spanish Society for Microbiology,10.1007/s10123-024-00532-8,,10,Journal Article,yes,unknown
Gonzales_2024,38724459,Gonzales,2024,"Disrupting quorum sensing as a strategy to inhibit bacterial virulence in human, animal, and plant pathogens.",Pathogens and disease,10.1093/femspd/ftae009,PMC11110857,8,"Journal Article; Research Support, Non-U.S. Gov't",yes,yes
Rajangam_2024,38683166,Rajangam,2024,Current treatment strategies for targeting virulence factors and biofilm formation in Acinetobacter baumannii.,Future microbiology,10.2217/fmb-2023-0263,PMC11290764,2,Journal Article; Review,yes,yes
Huidrom_2024,38597994,Huidrom,2024,Antimicrobial and Probiotic Potential of Lactobacilli Associated with Traditional Fermented Beverages.,Current microbiology,10.1007/s00284-024-03656-2,,3,Journal Article,yes,unknown
Elfaky_2024,38558886,Elfaky,2024,Assessing the antibacterial potential of 6-gingerol: Combined experimental and computational approaches.,Saudi pharmaceutical journal : SPJ : the official publication of the Saudi Pharmaceutical Society,10.1016/j.jsps.2024.102041,PMC10981156,10,Journal Article,yes,yes
Lu_2024,38545458,Lu,2024,Antibacterial activity and mechanism of X33 antimicrobial oligopeptide against Acinetobacter baumannii.,Synthetic and systems biotechnology,10.1016/j.synbio.2024.03.002,PMC10965436,5,Journal Article,yes,yes
Jiang_2024_2,38524182,Jiang,2024,Characterization of a Straboviridae phage vB_AbaM-SHI and its inhibition effect on biofilms of Acinetobacter baumannii.,Frontiers in cellular and infection microbiology,10.3389/fcimb.2024.1351993,PMC10958429,7,Journal Article,yes,yes
Jha_2024,38506718,Jha,2024,"In vitro and in silico assessment of anti-biofilm and anti-quorum sensing properties of 2,4-Di-tert butylphenol against Acinetobacter baumannii.",Journal of medical microbiology,10.1099/jmm.0.001813,,7,Journal Article,yes,unknown
Tan_2024,38451338,Tan,2024,Isolation and genome-wide analysis of the novel Acinetobacter baumannii bacteriophage vB_AbaM_AB3P2.,Archives of virology,10.1007/s00705-024-05986-9,,6,Journal Article,yes,unknown
Erol_2024,38444208,Erol,2024,Characterization of two bacteriophages specific to Acinetobacter baumannii and their effects on catheters biofilm.,Cell biochemistry and function,10.1002/cbf.3966,,5,Journal Article,yes,unknown
NaseefPathoor_2024,38444124,Naseef Pathoor,2024,Understanding the biofilm development of Acinetobacter baumannii and novel strategies to combat infection.,"APMIS : acta pathologica, microbiologica, et immunologica Scandinavica",10.1111/apm.13399,,4,Journal Article; Review,yes,unknown
Correa_2024,38407477,Correa,2024,Novel mechanisms of diversity generation in Acinetobacter baumannii resistance islands driven by Tn7-like elements.,Nucleic acids research,10.1093/nar/gkae129,PMC11014353,11,Journal Article,yes,yes
He_2024,38277828,He,2024,Deciphering the potential role of quorum quenching in efficient aerobic denitrification driven by a synthetic microbial community.,Water research,10.1016/j.watres.2024.121162,,6,Journal Article,yes,unknown
Cook_2024,38274737,Cook,2024,DNA damage response coregulator ddrR affects many cellular pathways and processes in Acinetobacter baumannii 17978.,Frontiers in cellular and infection microbiology,10.3389/fcimb.2023.1324091,PMC10808703,4,"Journal Article; Research Support, N.I.H., Extramural",yes,yes
Strateva_2024,38261035,Strateva,2024,First detection of a cefiderocol-resistant and extensively drug-resistant Acinetobacter baumannii clinical isolate in Bulgaria.,Acta microbiologica et immunologica Hungarica,10.1556/030.2024.02201,,2,Case Reports; Journal Article,yes,unknown
YousefiNojookambari_2024,38230925,Yousefi Nojookambari,2024,"Sub-minimum inhibitory concentrations (sub-MICs) of colistin on Acinetobacter baumannii biofilm formation potency, adherence, and invasion to epithelial host cells: an experimental study in an Iranian children's referral hospital.",Microbiology spectrum,10.1128/spectrum.02523-23,PMC10846280,8,Journal Article,yes,yes
FernndezVzquez_2023,38192399,Fernández-Vázquez,2023,Pandrug-resistant Acinetobacter baumannii from different clones and regions in Mexico have a similar plasmid carrying the blaOXA-72 gene.,Frontiers in cellular and infection microbiology,10.3389/fcimb.2023.1278819,PMC10773864,10,"Journal Article; Research Support, Non-U.S. Gov't",yes,yes
Koshak_2023,38158095,Koshak,2023,Antimicrobial and anti-virulence activities of 4-shogaol from grains of paradise against gram-negative bacteria: Integration of experimental and computational methods.,Journal of ethnopharmacology,10.1016/j.jep.2023.117611,,10,Journal Article,yes,unknown
Mohamad_2023,38063097,Mohamad,2023,"Down-regulation of abaI, abaR, Bap and OmpA genes in Acinetobacter baumannii by ethanol extract of Glycyrrhiza glabra after toxicity assessment.","Cellular and molecular biology (Noisy-le-Grand, France)",10.14715/cmb/2023.69.12.31,,4,Journal Article,yes,unknown
Chu_2023,38043271,Chu,2023,Perillaldehyde: A promising antibacterial agent for the treatment of pneumonia caused by Acinetobacter baumannii infection.,International immunopharmacology,10.1016/j.intimp.2023.111311,,6,Journal Article,yes,unknown
Mukhopadhyay_2023,37937608,Mukhopadhyay,2023,A thermosensitive hydrogel formulation of phage and colistin combination for the management of multidrug-resistant Acinetobacter baumannii wound infections.,Biomaterials science,10.1039/d3bm01383a,,5,Journal Article,yes,unknown
Bhowmik_2023,37920891,Bhowmik,2023,Strategies to combat Gram-negative bacterial resistance to conventional antibacterial drugs: a review.,Osong public health and research perspectives,10.24171/j.phrp.2022.0323,PMC10626324,4,Journal Article,yes,yes
Ko_2023,37913828,Ko,2023,PmrAB controls virulence-associated traits and outer membrane vesicle biogenesis in Acinetobacter baumannii.,Microbial pathogenesis,10.1016/j.micpath.2023.106434,,7,Journal Article,yes,unknown
Ghanipour_2023,37907777,Ghanipour,2023,Effect of lipopeptide extracted from Bacillus licheniformis on the expression of bap and luxI genes in multi-drug-resistant Acinetobacter baumannii and Pseudomonas aeruginosa.,Amino acids,10.1007/s00726-023-03346-6,,4,Journal Article,yes,unknown
Acharya_2023,37906317,Acharya,2023,A comprehensive profiling of quorum quenching by bacterial pigments identifies quorum sensing inhibition and antibiofilm action of prodigiosin against Acinetobacter baumannii.,Archives of microbiology,10.1007/s00203-023-03710-w,,5,Journal Article,yes,unknown
Mendes_2023,37897520,Mendes,2023,Co-regulation of biofilm formation and antimicrobial resistance in Acinetobacter baumannii: from mechanisms to therapeutic strategies.,European journal of clinical microbiology & infectious diseases : official publication of the European Society of Clinical Microbiology,10.1007/s10096-023-04677-8,PMC10651561,6,Journal Article; Review,yes,yes
ChvezHernndez_2023,37894209,Chávez-Hernández,2023,"Phenotypic and Genomic Characterization of Streptomyces pakalii sp. nov., a Novel Species with Anti-Biofilm and Anti-Quorum Sensing Activity in ESKAPE Bacteria.",Microorganisms,10.3390/microorganisms11102551,PMC10608816,5,Journal Article,yes,yes
Natsheh_2023,37760662,Natsheh,2023,Inhibition of Acinetobacter baumannii Biofilm Formation Using Different Treatments of Silica Nanoparticles.,"Antibiotics (Basel, Switzerland)",10.3390/antibiotics12091365,PMC10525453,7,Journal Article,yes,yes
Gmez_2023,37748387,Gómez,2023,Synthesis and evaluation of aromatic BDSF bioisosteres on biofilm formation and colistin sensitivity in pathogenic bacteria.,European journal of medicinal chemistry,10.1016/j.ejmech.2023.115819,,8,Journal Article,yes,unknown
Lin_2023,37667809,Lin,2023,Glabridin Functions as a Quorum Sensing Inhibitor to Inhibit Biofilm Formation and Swarming Motility of Multidrug-Resistant Acinetobacter baumannii.,Infection and drug resistance,10.2147/IDR.S417751,PMC10475287,12,Journal Article,yes,yes
Cui_2023,37649583,Cui,2023,A response regulator controls Acinetobacter baumannii virulence by acting as an indole receptor.,PNAS nexus,10.1093/pnasnexus/pgad274,PMC10465187,9,Journal Article,yes,yes
Mathur_2023,37604213,Mathur,2023,Photodynamic therapy for ESKAPE pathogens: An emerging approach to combat antimicrobial resistance (AMR).,Microbial pathogenesis,10.1016/j.micpath.2023.106307,,4,Journal Article; Review,yes,unknown
Babaeekhou_2023,37596435,Babaeekhou,2023,Photodynamic Therapy and Its Synergism with Melittin Against Drug-Resistant Acinetobacter baumannii Isolates with High Biofilm Formation Ability.,Current microbiology,10.1007/s00284-023-03356-3,,3,Journal Article,yes,unknown
Mukhopadhyay_2023_2,37574030,Mukhopadhyay,2023,Sequential treatment effects on phage-antibiotic synergistic application against multi-drug-resistant Acinetobacter baumannii.,International journal of antimicrobial agents,10.1016/j.ijantimicag.2023.106951,,6,Journal Article,yes,unknown
Mumtaz_2023,37564783,Mumtaz,2023,Assesment of polyphenolic compounds against biofilms produced by clinical Acinetobacter baumannii strains using in silico and in vitro models.,Saudi journal of biological sciences,10.1016/j.sjbs.2023.103743,PMC10410175,7,Journal Article,yes,yes
Khoshbakht_2023,37474078,Khoshbakht,2023,Novel approaches to overcome Colistin resistance in Acinetobacter baumannii: Exploring quorum quenching as a potential solution.,Microbial pathogenesis,10.1016/j.micpath.2023.106264,,5,Journal Article; Review,yes,unknown
Venkateswaran_2023,37457962,Venkateswaran,2023,"Revisiting ESKAPE Pathogens: virulence, resistance, and combating strategies focusing on quorum sensing.",Frontiers in cellular and infection microbiology,10.3389/fcimb.2023.1159798,PMC10339816,7,"Journal Article; Review; Research Support, Non-U.S. Gov't",yes,yes
Mardiana_2023,37443351,Mardiana,2023,Characterization of a novel and active temperate phage vB_AbaM_ABMM1 with antibacterial activity against Acinetobacter baumannii infection.,Scientific reports,10.1038/s41598-023-38453-7,PMC10345192,6,"Journal Article; Research Support, Non-U.S. Gov't",yes,yes
Sitthisak_2023,37156803,Sitthisak,2023,"Antibacterial activity of vB_AbaM_PhT2 phage hydrophobic amino acid fusion endolysin, combined with colistin against Acinetobacter baumannii.",Scientific reports,10.1038/s41598-023-33822-8,PMC10167329,10,"Journal Article; Research Support, Non-U.S. Gov't",yes,yes
Zeng_2023,37063277,Zeng,2023,Effect of traditional Chinese medicine monomers interfering with quorum-sensing on virulence factors of extensively drug-resistant Acinetobacter baumannii.,Frontiers in pharmacology,10.3389/fphar.2023.1135180,PMC10097947,3,Journal Article,yes,yes
Peters_2023,36992448,Peters,2023,Characterization of Virulent T4-Like Acinetobacter baumannii Bacteriophages DLP1 and DLP2.,Viruses,10.3390/v15030739,PMC10051250,9,"Journal Article; Research Support, Non-U.S. Gov't; Research Support, U.S. Gov't, Non-P.H.S.",yes,yes
Traglia_2023,36979049,Traglia,2023,Genomic Comparative Analysis of Two Multi-Drug Resistance (MDR) Acinetobacter baumannii Clinical Strains Assigned to International Clonal Lineage II Recovered Pre- and Post-COVID-19 Pandemic.,Biology,10.3390/biology12030358,PMC10045941,11,Journal Article,yes,yes
Rajapaksha_2023,36978490,Rajapaksha,2023,The Antimicrobial Peptide Octopromycin Suppresses Biofilm Formation and Quorum Sensing in Acinetobacter baumannii.,"Antibiotics (Basel, Switzerland)",10.3390/antibiotics12030623,PMC10044867,5,Journal Article,yes,yes
Memariani_2023,36781570,Memariani,2023,Antibiofilm properties of cathelicidin LL-37: an in-depth review.,World journal of microbiology & biotechnology,10.1007/s11274-023-03545-z,,2,Review; Journal Article,yes,unknown
Tiwari_2023,36685419,Tiwari,2023,Assessment of potassium ion channel during electric signalling in biofilm formation of Acinetobacter baumannii for finding antibiofilm molecule.,Heliyon,10.1016/j.heliyon.2023.e12837,PMC9852675,3,Journal Article,yes,yes
Pourhajibagher_2023,36658487,Pourhajibagher,2023,Antimicrobial activity of D-amino acid in combination with photo-sonoactivated hypericin nanoparticles against Acinetobacter baumannii.,BMC microbiology,10.1186/s12866-023-02758-4,PMC9850556,3,Journal Article,yes,yes
Li_2023,36626755,Li,2023,"Triple combination of SPR741, clarithromycin, and erythromycin against Acinetobacter baumannii and its tolerant phenotype.",Journal of applied microbiology,10.1093/jambio/lxac023,,10,Journal Article,yes,unknown
Panda_2022,36560948,Panda,2022,Recent advances to combat ESKAPE pathogens with special reference to essential oils.,Frontiers in microbiology,10.3389/fmicb.2022.1029098,PMC9763703,8,Journal Article; Review,yes,yes
EsmaeiliFardBarzegar_2022,36531823,Esmaeili-Fard-Barzegar,2022,Lytic potential of a filamentous bacteriophage isolated from sewage water in Tehran on clinical carbapenem-resistant strains.,Iranian journal of microbiology,10.18502/ijm.v14i5.10966,PMC9723426,4,Journal Article,yes,yes
Kumkar_2022,36519127,Kumkar,2022,"Diversity of resistant determinants, virulence factors, and mobile genetic elements in Acinetobacter baumannii from India: A comprehensive in silico genome analysis.",Frontiers in cellular and infection microbiology,10.3389/fcimb.2022.997897,PMC9742364,5,"Journal Article; Research Support, Non-U.S. Gov't",yes,yes
Jia_2022,36442439,Jia,2022,Synthesis and antibiofilm evaluation of N-acyl-2-aminopyrimidine derivatives against Acinetobacter baumannii.,Bioorganic & medicinal chemistry,10.1016/j.bmc.2022.117095,,7,"Journal Article; Research Support, Non-U.S. Gov't",yes,unknown
Wintachai_2022,36423170,Wintachai,2022,Isolation and Characterization of a Phapecoctavirus Infecting Multidrug-Resistant Acinetobacter baumannii in A549 Alveolar Epithelial Cells.,Viruses,10.3390/v14112561,PMC9695679,5,"Journal Article; Research Support, Non-U.S. Gov't",yes,yes
Laliany_2022,36383290,Laliany,2022,"In vitro virulence activity of Pseudomonas aeruginosa, enhanced by either Acinetobacter baumannii or Enterococcus faecium through the polymicrobial interactions.",Archives of microbiology,10.1007/s00203-022-03308-8,,3,Journal Article,yes,unknown
Kim_2022,36361923,Kim,2022,Complementary Regulation of BfmRS Two-Component and AbaIR Quorum Sensing Systems to Express Virulence-Associated Genes in Acinetobacter baumannii.,International journal of molecular sciences,10.3390/ijms232113136,PMC9657202,8,Journal Article,yes,yes
Zhu_2022,36335338,Zhu,2022,Insight into carbapenem resistance and virulence of Acinetobacter baumannii from a children's medical centre in eastern China.,Annals of clinical microbiology and antimicrobials,10.1186/s12941-022-00536-0,PMC9637306,7,Journal Article,yes,yes
Bazaid_2022,36297324,Bazaid,2022,"The Antimicrobial Effects of Saudi Sumra Honey against Drug Resistant Pathogens: Phytochemical Analysis, Antibiofilm, Anti-Quorum Sensing, and Antioxidant Activities.","Pharmaceuticals (Basel, Switzerland)",10.3390/ph15101212,PMC9607359,10,Journal Article,yes,yes
Shenkutie_2022,36293559,Shenkutie,2022,Effects of Sub-Minimum Inhibitory Concentrations of Imipenem and Colistin on Expression of Biofilm-Specific Antibiotic Resistance and Virulence Genes in Acinetobacter baumannii Sequence Type 1894.,International journal of molecular sciences,10.3390/ijms232012705,PMC9603859,6,Journal Article,yes,yes
Santajit_2022,36290370,Santajit,2022,Quorum Sensing in ESKAPE Bugs: A Target for Combating Antimicrobial Resistance and Bacterial Virulence.,Biology,10.3390/biology11101466,PMC9598666,3,Journal Article; Review,yes,yes
Siddique_2022,36191015,Siddique,2022,Ecofriendly phytosynthesized zirconium oxide nanoparticles as antibiofilm and quorum quenching agents against Acinetobacter baumannii.,Drug development and industrial pharmacy,10.1080/03639045.2022.2132260,,8,Journal Article,yes,unknown
Jha_2022,36190592,Jha,2022,"Droperidol as a potential inhibitor of acyl-homoserine lactone synthase from A. baumannii: insights from virtual screening, MD simulations and MM/PBSA calculations.",Molecular diversity,10.1007/s11030-022-10533-2,,7,Journal Article,yes,unknown
Maisch_2022,36149764,Maisch,2022,Antibacterial effects of vanilla ingredients provide novel treatment options for infections with multidrug-resistant bacteria - A recent literature review.,European journal of microbiology & immunology,10.1556/1886.2022.00015,PMC9530676,3,Journal Article; Review,yes,yes
Yadav_2022,36060733,Yadav,2022,In silico analysis reveals the co-existence of CRISPR-Cas type I-F1 and type I-F2 systems and its association with restricted phage invasion in Acinetobacter baumannii.,Frontiers in microbiology,10.3389/fmicb.2022.909886,PMC9428484,2,Journal Article,yes,yes
Escalante_2022,36030268,Escalante,2022,Human serum albumin (HSA) regulates the expression of histone-like nucleoid structure protein (H-NS) in Acinetobacter baumannii.,Scientific reports,10.1038/s41598-022-19012-y,PMC9420150,10,"Journal Article; Research Support, Non-U.S. Gov't; Research Support, U.S. Gov't, Non-P.H.S.; Research Support, N.I.H., Extramural",yes,yes
Wang_2022,36030030,Wang,2022,Evaluation of the antimicrobial function of Ginkgo biloba exocarp extract against clinical bacteria and its effect on Staphylococcus haemolyticus by disrupting biofilms.,Journal of ethnopharmacology,10.1016/j.jep.2022.115602,,11,Journal Article,yes,unknown
Segatore_2022,36010006,Segatore,2022,In Vitro Activity of Sulbactam-Durlobactam against Carbapenem-Resistant Acinetobacter baumannii Clinical Isolates: A Multicentre Report from Italy.,"Antibiotics (Basel, Switzerland)",10.3390/antibiotics11081136,PMC9404735,18,Journal Article,yes,yes
Jacobmeyer_2022,36009914,Jacobmeyer,2022,Genomic Analysis of Acinetobacter baumannii Isolates Carrying OXA-23 and OXA-58 Genes from Animals Reveals ST1 and ST25 as Major Clonal Lineages.,"Antibiotics (Basel, Switzerland)",10.3390/antibiotics11081045,PMC9404926,4,Journal Article,yes,yes
Xiong_2022,35971084,Xiong,2022,Transcriptomic analysis reveals the regulatory role of quorum sensing in the Acinetobacter baumannii ATCC 19606 via RNA-seq.,BMC microbiology,10.1186/s12866-022-02612-z,PMC9380347,7,"Journal Article; Research Support, Non-U.S. Gov't",yes,yes
Ghalavand_2022,35947200,Ghalavand,2022,Characterization of Sequence Types and Mechanisms of Resistance to Tigecycline Among Acinetobacter baumannii Isolated from Children.,Current microbiology,10.1007/s00284-022-02976-5,,6,Journal Article,yes,unknown
Wang_2022_2,35938813,Wang,2022,CRISPR-Cas in Acinetobacter baumannii Contributes to Antibiotic Susceptibility by Targeting Endogenous AbaI.,Microbiology spectrum,10.1128/spectrum.00829-22,PMC9430643,9,"Journal Article; Research Support, Non-U.S. Gov't",yes,yes
Kashyap_2022,35867872,Kashyap,2022,3-indoleacetonitrile attenuates biofilm formation and enhances sensitivity to imipenem in Acinetobacter baumannii.,Pathogens and disease,10.1093/femspd/ftac029,,4,"Journal Article; Research Support, Non-U.S. Gov't",yes,unknown
Cui_2022,35862954,Cui,2022,The Cell-Cell Communication Signal Indole Controls the Physiology and Interspecies Communication of Acinetobacter baumannii.,Microbiology spectrum,10.1128/spectrum.01027-22,PMC9431217,7,"Journal Article; Research Support, Non-U.S. Gov't",yes,yes
Abbaszadeh_2021,35851208,Abbaszadeh,2021,Genetic characterization of extensive drug resistant Acinetobacter baumannii: an appalling impediment.,Folia medica,10.3897/folmed.63.e56566,,7,Journal Article,yes,unknown
Zore_2022,35733960,Zore,2022,Repurposing the Sphingosine-1-Phosphate Receptor Modulator Etrasimod as an Antibacterial Agent Against Gram-Positive Bacteria.,Frontiers in microbiology,10.3389/fmicb.2022.926170,PMC9207386,9,Journal Article,yes,yes
Djahanschiri_2022,35653398,Djahanschiri,2022,Evolutionarily stable gene clusters shed light on the common grounds of pathogenicity in the Acinetobacter calcoaceticus-baumannii complex.,PLoS genetics,10.1371/journal.pgen.1010020,PMC9162365,11,"Journal Article; Research Support, N.I.H., Extramural; Research Support, Non-U.S. Gov't",yes,yes
Golberg_2022,35631553,Golberg,2022,"Anti-Virulence Activity of 3,3'-Diindolylmethane (DIM): A Bioactive Cruciferous Phytochemical with Accelerated Wound Healing Benefits.",Pharmaceutics,10.3390/pharmaceutics14050967,PMC9144697,9,Journal Article,yes,yes
Charalambous_2022,35629953,Charalambous,2022,Proteobacteria and Firmicutes Secreted Factors Exert Distinct Effects on Pseudomonas aeruginosa Infection under Normoxia or Mild Hypoxia.,Metabolites,10.3390/metabo12050449,PMC9146490,6,Journal Article,yes,yes
Nogbou_2022,35625238,Nogbou,2022,"Whole-Genome Sequencing of a Colistin-Resistant Acinetobacter baumannii Strain Isolated at a Tertiary Health Facility in Pretoria, South Africa.","Antibiotics (Basel, Switzerland)",10.3390/antibiotics11050594,PMC9138137,6,Journal Article,yes,yes
Elshaer_2022,35503000,Elshaer,2022,"Ketoprofen, piroxicam and indomethacin-suppressed quorum sensing and virulence factors in Acinetobacter baumannii.",Journal of applied microbiology,10.1111/jam.15609,,3,Journal Article,yes,unknown
Law_2022,35483311,Law,2022,"The role of quorum sensing, biofilm formation, and iron acquisition as key virulence mechanisms in Acinetobacter baumannii and the corresponding anti-virulence strategies.",Microbiological research,10.1016/j.micres.2022.127032,,2,Journal Article; Review,yes,unknown
Roy_2022,35402433,Roy,2022,Convergence of Biofilm Formation and Antibiotic Resistance in Acinetobacter baumannii Infection.,Frontiers in medicine,10.3389/fmed.2022.793615,PMC8987773,5,Journal Article; Review,yes,yes
Romero_2022,35352448,Romero,2022,Mushroom-shaped structures formed in Acinetobacter baumannii biofilms grown in a roller bioreactor are associated with quorum sensing-dependent Csu-pilus assembly.,Environmental microbiology,10.1111/1462-2920.15985,PMC9790458,7,"Journal Article; Research Support, Non-U.S. Gov't",yes,yes
Jha_2022_2,35339024,Jha,2022,An extensive computational study to identify potential inhibitors of Acyl-homoserine-lactone synthase from Acinetobacter baumannii (strain AYE).,Journal of molecular graphics & modelling,10.1016/j.jmgm.2022.108168,,7,"Journal Article; Research Support, Non-U.S. Gov't",yes,unknown
Li_2022,35196792,Li,2022,Synergistic Inhibitory Effect of Polymyxin B in Combination with Ceftazidime against Robust Biofilm Formed by Acinetobacter baumannii with Genetic Deficiency in AbaI/AbaR Quorum Sensing.,Microbiology spectrum,10.1128/spectrum.01768-21,PMC8865539,11,"Journal Article; Research Support, Non-U.S. Gov't",yes,yes
Vogel_2022,35151875,Vogel,2022,Fighting Acinetobacter baumannii infections with the acylase PvdQ.,Microbes and infection,10.1016/j.micinf.2022.104951,,6,"Journal Article; Research Support, Non-U.S. Gov't",yes,unknown
Kaushik_2022,35083758,Kaushik,2022,Therapeutic strategies against potential antibiofilm targets of multidrug-resistant Acinetobacter baumannii.,Journal of cellular physiology,10.1002/jcp.30683,,4,Journal Article; Review,yes,unknown
Godeux_2022,35073754,Godeux,2022,Interbacterial Transfer of Carbapenem Resistance and Large Antibiotic Resistance Islands by Natural Transformation in Pathogenic Acinetobacter.,mBio,10.1128/mbio.02631-21,PMC8787482,7,"Journal Article; Research Support, Non-U.S. Gov't",yes,yes
Wienhold_2021,35062236,Wienhold,2021,Preclinical Assessment of Bacteriophage Therapy against Experimental Acinetobacter baumannii Lung Infection.,Viruses,10.3390/v14010033,PMC8778864,21,"Journal Article; Research Support, Non-U.S. Gov't",yes,yes
Ghosh_2022,35052938,Ghosh,2022,Phytocompound Mediated Blockage of Quorum Sensing Cascade in ESKAPE Pathogens.,"Antibiotics (Basel, Switzerland)",10.3390/antibiotics11010061,PMC8773049,11,Journal Article; Review,yes,yes
Shahbandeh_2022,35030534,Shahbandeh,2022,"The antimicrobial effect of quorum sensing autoinducers of Pseudomonas aeruginosa, C12-HSL and C4-HSL, against MDR Staphylococcus aureus isolates.","Comparative immunology, microbiology and infectious diseases",10.1016/j.cimid.2022.101747,,4,Journal Article,yes,unknown
Jothipandiyan_2021,34961388,Jothipandiyan,2021,Heteroleptic pincer palladium(II) complex coated orthopedic implants impede the AbaI/AbaR quorum sensing system and biofilm development by Acinetobacter baumannii.,Biofouling,10.1080/08927014.2021.2015336,,10,"Journal Article; Research Support, Non-U.S. Gov't",yes,unknown
Pourhajibagher_2022,34931970,Pourhajibagher,2022,Evaluation of Antimicrobial Effects of Photo-sonodynamic Antimicrobial Chemotherapy Based on Nano-micelle Curcumin on Virulence Gene Expression Patterns in Acinetobacter baumannii.,Infectious disorders drug targets,10.2174/1871526522666211220121725,,3,Journal Article,yes,unknown
Koong_2021,34874246,Koong,2021,Phylogenomics of two ST1 antibiotic-susceptible non-clinical Acinetobacter baumannii strains reveals multiple lineages and complex evolutionary history in global clone 1.,Microbial genomics,10.1099/mgen.0.000705,PMC8767349,8,"Journal Article; Research Support, Non-U.S. Gov't",yes,yes
Tierney_2021,34805000,Tierney,2021,A LysR-Type Transcriptional Regulator Controls Multiple Phenotypes in Acinetobacter baumannii.,Frontiers in cellular and infection microbiology,10.3389/fcimb.2021.778331,PMC8601201,4,"Journal Article; Research Support, N.I.H., Extramural; Research Support, Non-U.S. Gov't; Research Support, U.S. Gov't, Non-P.H.S.",yes,yes
Li_2021,34763140,Li,2021,Integrating transcriptomics and metabolomics analysis on kojic acid combating Acinetobacter baumannii biofilm and its potential roles.,Microbiological research,10.1016/j.micres.2021.126911,,5,Journal Article,yes,unknown
Kim_2021,34696704,Kim,2021,Global regulator DksA modulates virulence of Acinetobacter baumannii.,Virulence,10.1080/21505594.2021.1995253,PMC8583241,7,"Journal Article; Research Support, Non-U.S. Gov't",yes,yes
Lus_2021,34680848,Luís,2021,Screening of the Potential Bioactivities of Pennyroyal (Mentha pulegium L.) Essential Oil.,"Antibiotics (Basel, Switzerland)",10.3390/antibiotics10101266,PMC8532685,2,Journal Article,yes,yes
Wang_2021,34680777,Wang,2021,Co-Occurrence of blaOXA-23 in the Chromosome and Plasmid: Increased Fitness in Carbapenem-Resistant Acinetobacter baumannii.,"Antibiotics (Basel, Switzerland)",10.3390/antibiotics10101196,PMC8532878,4,Journal Article,yes,yes
Lin_2021,34576087,Lin,2021,Role of Iron-Containing Alcohol Dehydrogenases in Acinetobacter baumannii ATCC 19606 Stress Resistance and Virulence.,International journal of molecular sciences,10.3390/ijms22189921,PMC8465190,3,Journal Article,yes,yes
Khadke_2021,34572317,Khadke,2021,Assessment of Antibiofilm Potencies of Nervonic and Oleic Acid against Acinetobacter baumannii Using In Vitro and Computational Approaches.,Biomedicines,10.3390/biomedicines9091133,PMC8466663,5,Journal Article,yes,yes
Rodgers_2021,34531538,Rodgers,2021,Histone-like nucleoid-structuring protein (H-NS) regulatory role in antibiotic resistance in Acinetobacter baumannii.,Scientific reports,10.1038/s41598-021-98101-w,PMC8446060,12,"Journal Article; Research Support, N.I.H., Extramural; Research Support, Non-U.S. Gov't; Research Support, U.S. Gov't, Non-P.H.S.",yes,yes
Le_2021,34522980,Le,2021,"Effect of Serum Albumin, a Component of Human Pleural Fluid, on Transcriptional and Phenotypic Changes on Acinetobacter baumannii A118.",Current microbiology,10.1007/s00284-021-02649-9,PMC8557393,9,Journal Article,yes,yes
Sun_2021,34522977,Sun,2021,Mechanism Underlying the Role of LuxR Family Transcriptional Regulator abaR in Biofilm Formation by Acinetobacter baumannii.,Current microbiology,10.1007/s00284-021-02654-y,PMC8439540,2,Journal Article,yes,yes
Yan_2021,34452123,Yan,2021,The Influence of Formulation Components and Environmental Humidity on Spray-Dried Phage Powders for Treatment of Respiratory Infections Caused by Acinetobacter baumannii.,Pharmaceutics,10.3390/pharmaceutics13081162,PMC8401170,8,Journal Article,yes,yes
Lazar_2021,34394026,Lazar,2021,Modulation of Quorum Sensing and Biofilms in Less Investigated Gram-Negative ESKAPE Pathogens.,Frontiers in microbiology,10.3389/fmicb.2021.676510,PMC8359898,4,Journal Article; Review,yes,yes
Pimentel_2021,34356754,Pimentel,2021,Interaction of Acinetobacter baumannii with Human Serum Albumin: Does the Host Determine the Outcome?,"Antibiotics (Basel, Switzerland)",10.3390/antibiotics10070833,PMC8300715,8,Journal Article,yes,yes
Sun_2021_2,34322102,Sun,2021,The abaI/abaR Quorum Sensing System Effects on Pathogenicity in Acinetobacter baumannii.,Frontiers in microbiology,10.3389/fmicb.2021.679241,PMC8312687,6,Journal Article,yes,yes
Seleem_2021,34284088,Seleem,2021,"Could the analgesic drugs, paracetamol and indomethacin, function as quorum sensing inhibitors?",Microbial pathogenesis,10.1016/j.micpath.2021.105097,,5,Journal Article,yes,unknown
Li_2021_2,34262306,Li,2021,Phenotypic and Genotypic Characteristics of Biofilm Formation in Clinical Isolates of Acinetobacter baumannii.,Infection and drug resistance,10.2147/IDR.S310081,PMC8274629,9,Journal Article,yes,yes
Tuttobene_2021,34183737,Tuttobene,2021,Blue light directly modulates the quorum network in the human pathogen Acinetobacter baumannii.,Scientific reports,10.1038/s41598-021-92845-1,PMC8239052,10,"Journal Article; Research Support, Non-U.S. Gov't",yes,yes
Deng_2021,34072620,Deng,2021,Genomic Analysis of a Novel Phage Infecting the Turkey Pathogen Escherichia coli APEC O78 and Its Endolysin Activity.,Viruses,10.3390/v13061034,PMC8229158,7,"Journal Article; Research Support, Non-U.S. Gov't",yes,yes
Usmani_2021,34048890,Usmani,2021,"Antimicrobial and biofilm inhibiting potential of an amide derivative [N-(2', 4'-dinitrophenyl)-3β-hydroxyurs-12-en-28-carbonamide] of ursolic acid by modulating membrane potential and quorum sensing against colistin resistant Acinetobacter baumannii.",Microbial pathogenesis,10.1016/j.micpath.2021.104997,,7,Journal Article,yes,unknown
Hetta_2021,34031472,Hetta,2021,Antibiofilm and antivirulence potential of silver nanoparticles against multidrug-resistant Acinetobacter baumannii.,Scientific reports,10.1038/s41598-021-90208-4,PMC8144575,14,Journal Article,yes,yes
Slavin_2021,33945683,Slavin,2021,Novel Lignin-Capped Silver Nanoparticles against Multidrug-Resistant Bacteria.,ACS applied materials & interfaces,10.1021/acsami.0c16921,,12,Journal Article,yes,unknown
Pimentel_2021_2,33924559,Pimentel,2021,Human Pleural Fluid and Human Serum Albumin Modulate the Behavior of a Hypervirulent and Multidrug-Resistant (MDR) Acinetobacter baumannii Representative Strain.,"Pathogens (Basel, Switzerland)",10.3390/pathogens10040471,PMC8069197,12,Journal Article,yes,yes
Pourhajibagher_2021,33836275,Pourhajibagher,2021,The anti-biofilm capability of nano-emodin-mediated sonodynamic therapy on multi-species biofilms produced by burn wound bacterial strains.,Photodiagnosis and photodynamic therapy,10.1016/j.pdpdt.2021.102288,,4,Journal Article,yes,unknown
Tyumentseva_2021,33668622,Tyumentseva,2021,Genomic and Phenotypic Analysis of Multidrug-Resistant Acinetobacter baumannii Clinical Isolates Carrying Different Types of CRISPR/Cas Systems.,"Pathogens (Basel, Switzerland)",10.3390/pathogens10020205,PMC7918744,9,Journal Article,yes,yes
Zhong_2021,33597937,Zhong,2021,Quorum Sensing Inhibition or Quenching in Acinetobacter baumannii: The Novel Therapeutic Strategies for New Drug Development.,Frontiers in microbiology,10.3389/fmicb.2021.558003,PMC7882596,2,Journal Article; Review,yes,yes
Rajput_2021,33500331,Rajput,2021,Pangenome Analytics Reveal Two-Component Systems as Conserved Targets in ESKAPEE Pathogens.,mSystems,10.1128/mSystems.00981-20,PMC7842365,7,Journal Article,yes,yes
LpezMartn_2021,33495249,López-Martín,2021,"AbaM Regulates Quorum Sensing, Biofilm Formation, and Virulence in Acinetobacter baumannii.",Journal of bacteriology,10.1128/JB.00635-20,PMC8088503,4,"Journal Article; Research Support, Non-U.S. Gov't",yes,yes
Fischer_2020,33293405,Fischer,2020,"Phenotypic and Genomic Comparison of the Two Most Common ExoU-Positive Pseudomonas aeruginosa Clones, PA14 and ST235.",mSystems,10.1128/mSystems.01007-20,PMC7743143,4,Journal Article,yes,yes
Yamabe_2020,33268670,Yamabe,2020,Direct anti-biofilm effects of macrolides on Acinetobacter baumannii: comprehensive and comparative demonstration by a simple assay using microtiter plate combined with peg-lid.,"Biomedical research (Tokyo, Japan)",10.2220/biomedres.41.259,,9,Journal Article,yes,unknown
Tang_2020,33262621,Tang,2020,Contribution of the AbaI/AbaR Quorum Sensing System to Resistance and Virulence of Acinetobacter baumannii Clinical Strains.,Infection and drug resistance,10.2147/IDR.S276970,PMC7699449,6,Journal Article,yes,yes
Alam_2020,33250645,Alam,2020,Siphonocholin isolated from red sea sponge Siphonochalina siphonella attenuates quorum sensing controlled virulence and biofilm formation.,Saudi pharmaceutical journal : SPJ : the official publication of the Saudi Pharmaceutical Society,10.1016/j.jsps.2020.09.002,PMC7679466,9,Journal Article,yes,yes
GilbertGirard_2020,33233348,Gilbert-Girard,2020,Screening of FDA-Approved Drugs Using a 384-Well Plate-Based Biofilm Platform: The Case of Fingolimod.,Microorganisms,10.3390/microorganisms8111834,PMC7700524,4,Journal Article,yes,yes
Shenkutie_2020,33212840,Shenkutie,2020,Biofilm-Induced Antibiotic Resistance in Clinical Acinetobacter baumannii Isolates.,"Antibiotics (Basel, Switzerland)",10.3390/antibiotics9110817,PMC7698371,5,Journal Article,yes,yes
Ujak_2020,33188577,Ušjak,2020,"Methoxy-Substituted Hydroxychalcone Reduces Biofilm Production, Adhesion and Surface Motility of Acinetobacter baumannii by Inhibiting ompA Gene Expression.",Chemistry & biodiversity,10.1002/cbdv.202000786,,7,Journal Article,yes,unknown
Gonalves_2020,33114334,Gonçalves,2020,Ayahuasca Beverages: Phytochemical Analysis and Biological Properties.,"Antibiotics (Basel, Switzerland)",10.3390/antibiotics9110731,PMC7690887,9,Journal Article,yes,yes
Alreshidi_2020,33114026,Alreshidi,2020,"Phytochemical Screening, Antibacterial, Antifungal, Antiviral, Cytotoxic, and Anti-Quorum-Sensing Properties of Teucrium polium L. Aerial Parts Methanolic Extract.","Plants (Basel, Switzerland)",10.3390/plants9111418,PMC7690738,13,Journal Article,yes,yes
PaulBhattacharya_2020,33103466,Paul Bhattacharya,2020,Quorum quenching activity of pentacyclic triterpenoids leads to inhibition of biofilm formation by Acinetobacter baumannii.,Biofouling,10.1080/08927014.2020.1831480,,4,"Journal Article; Research Support, Non-U.S. Gov't",yes,unknown
Mayer_2020,33101239,Mayer,2020,Quorum Sensing as a Target for Controlling Surface Associated Motility and Biofilm Formation in Acinetobacter baumannii ATCC® 17978TM.,Frontiers in microbiology,10.3389/fmicb.2020.565548,PMC7554515,8,Journal Article,yes,yes
Oh_2020,33025548,Oh,2020,AbaR is a LuxR type regulator essential for motility and the formation of biofilm and pellicle in Acinetobacter baumannii.,Genes & genomics,10.1007/s13258-020-01005-8,,2,"Journal Article; Research Support, Non-U.S. Gov't",yes,unknown
Vukotic_2020,32974360,Vukotic,2020,"Characterization, Antibiofilm, and Depolymerizing Activity of Two Phages Active on Carbapenem-Resistant Acinetobacter baumannii.",Frontiers in medicine,10.3389/fmed.2020.00426,PMC7461965,9,Journal Article,yes,yes
Wang_2020,32903329,Wang,2020,Identification of a Novel Acinetobacter baumannii Phage-Derived Depolymerase and Its Therapeutic Application in Mice.,Frontiers in microbiology,10.3389/fmicb.2020.01407,PMC7396526,13,Journal Article,yes,yes
Liu_2020,32849322,Liu,2020,Antimicrobial Peptide Cec4 Eradicates the Bacteria of Clinical Carbapenem-Resistant Acinetobacter baumannii Biofilm.,Frontiers in microbiology,10.3389/fmicb.2020.01532,PMC7431629,9,Journal Article,yes,yes
Huang_2020,32848010,Huang,2020,The H-NS Regulator Plays a Role in the Stress Induced by Carbapenemase Expression in Acinetobacter baumannii.,mSphere,10.1128/mSphere.00793-20,PMC7449629,12,"Journal Article; Research Support, N.I.H., Extramural; Research Support, Non-U.S. Gov't; Research Support, U.S. Gov't, Non-P.H.S.",yes,yes
Kaur_2020,32814501,Kaur,2020,Degradation of n-hexanoyl homoserine lactone with quorum quenching bacteria immobilised magnetic nanocomposite beads.,Environmental technology,10.1080/09593330.2020.1811389,,2,Journal Article,yes,unknown
Zhang_2020,32805359,Zhang,2020,Alcohol dehydrogenase modulates quorum sensing in biofilm formations of Acinetobacter baumannii.,Microbial pathogenesis,10.1016/j.micpath.2020.104451,,8,Journal Article,yes,unknown
Godeux_2020,32778544,Godeux,2020,Scarless Removal of Large Resistance Island AbaR Results in Antibiotic Susceptibility and Increased Natural Transformability in Acinetobacter baumannii.,Antimicrobial agents and chemotherapy,10.1128/AAC.00951-20,PMC7508600,7,"Journal Article; Research Support, Non-U.S. Gov't",yes,yes
Yang_2020,32690261,Yang,2020,"Synthesis and antibiofilm evaluation of 3-hydroxy-2,3-dihydroquinazolin-4(1H)-one derivatives against opportunistic pathogen Acinetobacter baumannii.",Bioorganic & medicinal chemistry,10.1016/j.bmc.2020.115606,,6,"Journal Article; Research Support, Non-U.S. Gov't",yes,unknown
AlMarjania_2021,32484105,Al Marjania,2021,"Evaluation of type II Toxin-Antitoxin Systems, Antibiotic Resistance Profiles, and Biofilm Quorum Sensing Genes in Acinetobacter Baumannii Isolates in Iraq.",Infectious disorders drug targets,10.2174/1871526520666200525170318,,4,Journal Article,yes,unknown
Bi_2020,32461273,Bi,2020,Comparative Analysis of AbaR-Type Genomic Islands Reveals Distinct Patterns of Genetic Features in Elements with Different Backbones.,mSphere,10.1128/mSphere.00349-20,PMC7253598,8,"Comparative Study; Journal Article; Research Support, Non-U.S. Gov't",yes,yes
Parducho_2020,32457749,Parducho,2020,The Antimicrobial Peptide Human Beta-Defensin 2 Inhibits Biofilm Production of Pseudomonas aeruginosa Without Compromising Metabolic Activity.,Frontiers in immunology,10.3389/fimmu.2020.00805,PMC7225314,13,"Journal Article; Research Support, N.I.H., Extramural; Research Support, Non-U.S. Gov't; Research Support, U.S. Gov't, Non-P.H.S.",yes,yes
Khamari_2020,32380504,Khamari,2020,Molecular Analyses of Biofilm-Producing Clinical Acinetobacter baumannii Isolates from a South Indian Tertiary Care Hospital.,"Medical principles and practice : international journal of the Kuwait University, Health Science Centre",10.1159/000508461,PMC7768151,11,Journal Article,yes,yes
Styles_2020,32331271,Styles,2020,Investigating Bacteriophages Targeting the Opportunistic Pathogen Acinetobacter baumannii.,"Antibiotics (Basel, Switzerland)",10.3390/antibiotics9040200,PMC7235909,11,Journal Article,yes,yes
Seleem_2020,32328851,Seleem,2020,Drugs with new lease of life as quorum sensing inhibitors: for combating MDR Acinetobacter baumannii infections.,European journal of clinical microbiology & infectious diseases : official publication of the European Society of Clinical Microbiology,10.1007/s10096-020-03882-z,PMC7180647,4,Journal Article; Multicenter Study,yes,yes
PrezVarela_2020,32229531,Pérez-Varela,2020,Characterization of RelA in Acinetobacter baumannii.,Journal of bacteriology,10.1128/JB.00045-20,PMC7253615,5,"Journal Article; Research Support, N.I.H., Extramural; Research Support, U.S. Gov't, Non-P.H.S.",yes,yes
Pourhajibagher_2020,32165339,Pourhajibagher,2020,Potentiation effects of antimicrobial photodynamic therapy on quorum sensing genes expression: A promising treatment for multi-species bacterial biofilms in burn wound infections.,Photodiagnosis and photodynamic therapy,10.1016/j.pdpdt.2020.101717,,5,Journal Article,yes,unknown
Ahmed_2020,32086747,Ahmed,2020,Inhibition of quorum sensing-associated virulence factors and biofilm formation in Pseudomonas aeruginosa PAO1 by Mycoleptodiscus indicus PUTY1.,Brazilian journal of microbiology : [publication of the Brazilian Society for Microbiology],10.1007/s42770-020-00235-y,PMC7203316,6,Journal Article,yes,yes
Zhu_2020,32081464,Zhu,2020,Complete genome sequence and genome-scale metabolic modelling of Acinetobacter baumannii type strain ATCC 19606.,International journal of medical microbiology : IJMM,10.1016/j.ijmm.2020.151412,PMC7263877,7,Journal Article,yes,yes
NorAshimi_2019,32065820,Nor A'shimi,2019,Biocide susceptibilities and biofilm-forming capacities of Acinetobacter baumannii clinical isolates from Malaysia.,Journal of infection in developing countries,10.3855/jidc.11455,,10,"Journal Article; Research Support, Non-U.S. Gov't",yes,unknown
Amin_2019,31853190,Amin,2019,"Association Between Biofilm Formation, Structure, and the Expression Levels of Genes Related to biofilm formation and Biofilm-Specific Resistance of Acinetobacter baumannii Strains Isolated from Burn Infection in Ahvaz, Iran.",Infection and drug resistance,10.2147/IDR.S228981,PMC6914661,7,Journal Article,yes,yes
AlKadmy_2019,31816255,Al-Kadmy,2019,Prevalence of Genes Involved in Colistin Resistance in Acinetobacter baumannii: First Report from Iraq.,"Microbial drug resistance (Larchmont, N.Y.)",10.1089/mdr.2019.0243,,6,Journal Article,yes,unknown
Chen_2019,31771504,Chen,2019,Effect of calcium on the interaction of Acinetobacter baumannii with human respiratory epithelial cells.,BMC microbiology,10.1186/s12866-019-1643-z,PMC6880639,8,"Journal Article; Research Support, Non-U.S. Gov't",yes,yes
Yu_2019,31760066,Yu,2019,The alarming antimicrobial resistance in ESKAPEE pathogens: Can essential oils come to the rescue?,Fitoterapia,10.1016/j.fitote.2019.104433,,4,Journal Article; Review,yes,unknown
Qvortrup_2019,31737611,Qvortrup,2019,Small Molecule Anti-biofilm Agents Developed on the Basis of Mechanistic Understanding of Biofilm Formation.,Frontiers in chemistry,10.3389/fchem.2019.00742,PMC6838868,10,Journal Article; Review,yes,yes
Zhang_2019,31680055,Zhang,2019,"Complete genome sequence of Acinetobacter baumanni J1, a quorum sensing-producing algicidal bacterium, isolated from Eastern Pacific Ocean.",Marine genomics,10.1016/j.margen.2019.100719,,8,Journal Article,yes,unknown
Moran_2019,31326448,Moran,2019,B/O plasmid R16 from 1956 carries an In1-like class 1 integron embedded in a complex region containing parts of the Acinetobacter baumannii AbaR resistance island.,Plasmid,10.1016/j.plasmid.2019.102432,,2,Journal Article,yes,unknown
Navidifar_2019,31190904,Navidifar,2019,"Effects of sub-inhibitory concentrations of meropenem and tigecycline on the expression of genes regulating pili, efflux pumps and virulence factors involved in biofilm formation by Acinetobacter baumannii.",Infection and drug resistance,10.2147/IDR.S199993,PMC6512781,3,Journal Article,yes,yes
Dettweiler_2019,31118466,Dettweiler,2019,"American Civil War plant medicines inhibit growth, biofilm formation, and quorum sensing by multidrug-resistant bacteria.",Scientific reports,10.1038/s41598-019-44242-y,PMC6531439,7,"Comparative Study; Historical Article; Journal Article; Research Support, N.I.H., Extramural; Research Support, Non-U.S. Gov't",yes,yes
Saipriya_2019,31102552,Saipriya,2019,Quorum-sensing system in Acinetobacter baumannii: a potential target for new drug development.,Journal of applied microbiology,10.1111/jam.14330,,4,Journal Article; Review,yes,unknown
Leshkasheli_2019,31100499,Leshkasheli,2019,Efficacy of newly isolated and highly potent bacteriophages in a mouse model of extensively drug-resistant Acinetobacter baumannii bacteraemia.,Journal of global antimicrobial resistance,10.1016/j.jgar.2019.05.005,,8,"Journal Article; Research Support, Non-U.S. Gov't",yes,unknown
Ng_2019,30965610,Ng,2019,Characterization and Transcriptome Studies of Autoinducer Synthase Gene from Multidrug Resistant Acinetobacter baumannii Strain 863.,Genes,10.3390/genes10040282,PMC6523755,4,"Journal Article; Research Support, Non-U.S. Gov't",yes,yes
Bi_2019,30917986,Bi,2019,Large-Scale Identification of AbaR-Type Genomic Islands in Acinetobacter baumannii Reveals Diverse Insertion Sites and Clonal Lineage-Specific Antimicrobial Resistance Gene Profiles.,Antimicrobial agents and chemotherapy,10.1128/AAC.02526-18,PMC6437538,7,"Journal Article; Research Support, Non-U.S. Gov't",yes,yes
Meumann_2019,30806611,Meumann,2019,Genomic epidemiology of severe community-onset Acinetobacter baumannii infection.,Microbial genomics,10.1099/mgen.0.000258,PMC6487312,8,"Journal Article; Research Support, Non-U.S. Gov't",yes,yes
PaulkTierney_2019,30798561,Paulk Tierney,2019,Methods for Detecting N-Acyl Homoserine Lactone Production in Acinetobacter baumannii.,"Methods in molecular biology (Clifton, N.J.)",10.1007/978-1-4939-9118-1_23,PMC7240881,2,"Journal Article; Research Support, N.I.H., Extramural; Research Support, U.S. Gov't, Non-P.H.S.",yes,yes
Ravi_2019,30798544,Ravi,2019,A New Method for Determination of Minimum Biofilm Eradication Concentration for Accurate Antimicrobial Therapy.,"Methods in molecular biology (Clifton, N.J.)",10.1007/978-1-4939-9118-1_6,,3,"Journal Article; Research Support, Non-U.S. Gov't",yes,unknown
Richwagen_2019,30792655,Richwagen,2019,Antibacterial Activity of Kalanchoe mortagei and K. fedtschenkoi Against ESKAPE Pathogens.,Frontiers in pharmacology,10.3389/fphar.2019.00067,PMC6374630,4,Journal Article,yes,yes
HatamiMoghadam_2018,30672433,Hatami Moghadam,2018,Assessment of biofilm formation among clinical isolates of Acinetobacter baumannii in burn wounds in the west of Iran.,"Cellular and molecular biology (Noisy-le-Grand, France)",,,5,Journal Article,yes,unknown
Costoya_2019,30639217,Costoya,2019,Immobilization of antimicrobial and anti-quorum sensing enzymes onto GMA-grafted poly(vinyl chloride) catheters.,International journal of pharmaceutics,10.1016/j.ijpharm.2018.12.075,,9,Journal Article,yes,unknown
FernandezGarcia_2018,30619184,Fernandez-Garcia,2018,Relationship Between the Quorum Network (Sensing/Quenching) and Clinical Features of Pneumonia and Bacteraemia Caused by A. baumannii.,Frontiers in microbiology,10.3389/fmicb.2018.03105,PMC6304438,17,Journal Article,yes,yes
Shaaban_2018,30503958,Shaaban,2018,Biotechnological applications of quorum sensing inhibition as novel therapeutic strategies for multidrug resistant pathogens.,Microbial pathogenesis,10.1016/j.micpath.2018.11.043,,3,Journal Article; Review,yes,unknown
Hamidian_2018,30472242,Hamidian,2018,"The AbaR antibiotic resistance islands found in Acinetobacter baumannii global clone 1 - Structure, origin and evolution.",Drug resistance updates : reviews and commentaries in antimicrobial and anticancer chemotherapy,10.1016/j.drup.2018.10.003,,2,"Journal Article; Research Support, Non-U.S. Gov't; Review",yes,unknown
Oliveira_2019,30463964,Oliveira,2019,Functional Analysis and Antivirulence Properties of a New Depolymerase from a Myovirus That Infects Acinetobacter baumannii Capsule K45.,Journal of virology,10.1128/JVI.01163-18,PMC6364002,9,"Journal Article; Research Support, Non-U.S. Gov't",yes,yes
Mayer_2018,30271754,Mayer,2018,Multiple Quorum Quenching Enzymes Are Active in the Nosocomial Pathogen Acinetobacter baumannii ATCC17978.,Frontiers in cellular and infection microbiology,10.3389/fcimb.2018.00310,PMC6146095,6,"Journal Article; Research Support, Non-U.S. Gov't",yes,yes
Karlapudi_2018,30258941,Karlapudi,2018,In silico sgRNA tool design for CRISPR control of quorum sensing in Acinetobacter species.,Genes & diseases,10.1016/j.gendis.2018.03.004,PMC6146548,6,Journal Article,yes,yes
Costa_2018,30241827,Costa,2018,Exploring chitosan nanoparticles as effective inhibitors of antibiotic resistant skin microorganisms - From in vitro to ex vitro testing.,Carbohydrate polymers,10.1016/j.carbpol.2018.08.083,,5,Journal Article,yes,unknown
Jansen_2018,30237558,Jansen,2018,Enhanced antibacterial effect of the novel T4-like bacteriophage KARL-1 in combination with antibiotics against multi-drug resistant Acinetobacter baumannii.,Scientific reports,10.1038/s41598-018-32344-y,PMC6147977,8,"Journal Article; Research Support, Non-U.S. Gov't",yes,yes
Tiwari_2018,30227225,Tiwari,2018,Differential anti-microbial secondary metabolites in different ESKAPE pathogens explain their adaptation in the hospital setup.,"Infection, genetics and evolution : journal of molecular epidemiology and evolutionary genetics in infectious diseases",10.1016/j.meegid.2018.09.010,,3,Journal Article,yes,unknown
Trastoy_2018,30068737,Trastoy,2018,Mechanisms of Bacterial Tolerance and Persistence in the Gastrointestinal and Respiratory Environments.,Clinical microbiology reviews,10.1128/CMR.00023-18,PMC6148185,10,"Journal Article; Research Support, Non-U.S. Gov't; Review",yes,yes
Bergonzi_2018,30050039,Bergonzi,2018,"Structural and Biochemical Characterization of AaL, a Quorum Quenching Lactonase with Unusual Kinetic Properties.",Scientific reports,10.1038/s41598-018-28988-5,PMC6062542,6,"Journal Article; Research Support, Non-U.S. Gov't",yes,yes
CastaedaTamez_2018,29997585,Castañeda-Tamez,2018,Pyocyanin Restricts Social Cheating in Pseudomonas aeruginosa.,Frontiers in microbiology,10.3389/fmicb.2018.01348,PMC6030374,12,Journal Article,yes,yes
Sivaranjani_2018,29869541,Sivaranjani,2018,Inhibitory effect of α-mangostin on Acinetobacter baumannii biofilms - an in vitro study.,Biofouling,10.1080/08927014.2018.1473387,,5,"Journal Article; Research Support, Non-U.S. Gov't",yes,unknown
Sato_2018,29554105,Sato,2018,Sub-minimum inhibitory concentrations of colistin and polymyxin B promote Acinetobacter baumannii biofilm formation.,PloS one,10.1371/journal.pone.0194556,PMC5858813,4,"Journal Article; Research Support, Non-U.S. Gov't",yes,yes
Milton_2018,29487854,Milton,2018,Re-sensitizing Multidrug Resistant Bacteria to Antibiotics by Targeting Bacterial Response Regulators: Characterization and Comparison of Interactions between 2-Aminoimidazoles and the Response Regulators BfmR from Acinetobacter baumannii and QseB from Francisella spp.,Frontiers in molecular biosciences,10.3389/fmolb.2018.00015,PMC5816815,11,Journal Article,yes,yes
Lpez_2018,29410443,López,2018,Evolution of the Quorum network and the mobilome (plasmids and bacteriophages) in clinical strains of Acinetobacter baumannii during a decade.,Scientific reports,10.1038/s41598-018-20847-7,PMC5802823,12,"Comparative Study; Journal Article; Research Support, Non-U.S. Gov't",yes,yes
Nicol_2018,29320462,Nicol,2018,Unsaturated Fatty Acids Affect Quorum Sensing Communication System and Inhibit Motility and Biofilm Formation of Acinetobacter baumannii.,International journal of molecular sciences,10.3390/ijms19010214,PMC5796163,7,Journal Article,yes,yes
Barki_2019,29099398,Barki,2019,Electric Field Based Dressing Disrupts Mixed-Species Bacterial Biofilm Infection and Restores Functional Wound Healing.,Annals of surgery,10.1097/SLA.0000000000002504,PMC6568008,10,"Journal Article; Research Support, N.I.H., Extramural",yes,yes
Gerdt_2017,28829573,Gerdt,2017,Chemical Interrogation of LuxR-type Quorum Sensing Receptors Reveals New Insights into Receptor Selectivity and the Potential for Interspecies Bacterial Signaling.,ACS chemical biology,10.1021/acschembio.7b00458,PMC5600713,7,Journal Article,yes,yes
Chen_2017,28714256,Chen,2017,"A1S_2811, a CheA/Y-like hybrid two-component regulator from Acinetobacter baumannii ATCC17978, is involved in surface motility and biofilm formation in this bacterium.",MicrobiologyOpen,10.1002/mbo3.510,PMC5635159,11,Journal Article,yes,yes
Erdnmez_2017,28688010,Erdönmez,2017,Quorum sensing molecules production by nosocomial and soil isolates Acinetobacter baumannii.,Archives of microbiology,10.1007/s00203-017-1408-8,,3,Journal Article,yes,unknown
Lpez_2017,28536672,López,2017,Response to Bile Salts in Clinical Strains of Acinetobacter baumannii Lacking the AdeABC Efflux Pump: Virulence Associated with Quorum Sensing.,Frontiers in cellular and infection microbiology,10.3389/fcimb.2017.00143,PMC5423435,11,Journal Article,yes,yes
Dou_2017,28487993,Dou,2017,Acinetobacter baumannii quorum-sensing signalling molecule induces the expression of drug-resistance genes.,Molecular medicine reports,10.3892/mmr.2017.6528,PMC5436197,7,Journal Article,yes,yes
Zhang_2017,28462048,Zhang,2017,Pitfalls associated with evaluating enzymatic quorum quenching activity: the case of MomL and its effect on Pseudomonas aeruginosa and Acinetobacter baumannii biofilms.,PeerJ,10.7717/peerj.3251,PMC5410158,3,Journal Article,yes,yes
Murray_2017,28375520,Murray,2017,Global Gene Expression Profile of Acinetobacter baumannii During Bacteremia.,The Journal of infectious diseases,10.1093/infdis/jiw529,,9,Journal Article,yes,unknown
Holt_2016,28348844,Holt,2016,"Five decades of genome evolution in the globally distributed, extensively antibiotic-resistant Acinetobacter baumannii global clone 1.",Microbial genomics,10.1099/mgen.0.000052,PMC5320584,7,"Journal Article; Research Support, Non-U.S. Gov't",yes,yes
Lpez_2017_2,28328989,López,2017,Quorum sensing network in clinical strains of A. baumannii: AidA is a new quorum quenching enzyme.,PloS one,10.1371/journal.pone.0174454,PMC5362224,9,Journal Article,yes,yes
Savari_2017,28238067,Savari,2017,Acquisition of Tn6018-3' CS regions increases colistin MICs against Acinetobacter baumannii isolates harboring new variants of AbaRs.,Folia microbiologica,10.1007/s12223-017-0507-x,,4,Journal Article,yes,unknown
CastilloJuarez_2017,28056745,Castillo-Juarez,2017,Exploiting Quorum Sensing Inhibition for the Control of Pseudomonas Aeruginosa and Acinetobacter Baumannii Biofilms.,Current topics in medicinal chemistry,,,11,Journal Article,yes,unknown
Krger_2016,28036056,Kröger,2016,Genetic Regulation of Virulence and Antibiotic Resistance in Acinetobacter baumannii.,Genes,10.3390/genes8010012,PMC5295007,4,Review; Journal Article,yes,yes
Yaniv_2016,27882771,Yaniv,2016,Functional marine metagenomic screening for anti-quorum sensing and anti-biofilm activity.,Biofouling,10.1080/08927014.2016.1253684,,7,Journal Article,yes,unknown
Cardile_2017,27864804,Cardile,2017,Activity of Norspermidine on Bacterial Biofilms of Multidrug-Resistant Clinical Isolates Associated with Persistent Extremity Wound Infections.,Advances in experimental medicine and biology,10.1007/5584_2016_93,PMC5438303,8,"Journal Article; Research Support, N.I.H., Extramural; Research Support, Non-U.S. Gov't; Research Support, U.S. Gov't, Non-P.H.S.",yes,yes
Choi_2016,27842758,Choi,2016,Characterisation of successive Acinetobacter baumannii isolates from a deceased haemophagocytic lymphohistiocytosis patient.,International journal of antimicrobial agents,10.1016/j.ijantimicag.2016.09.024,,7,Case Reports; Journal Article,yes,unknown
Gala_2016,27834332,Gala,2016,Attenuation of quorum sensing-regulated behaviour by Tinospora cordifolia extract & identification of its active constituents.,The Indian journal of medical research,10.4103/0971-5916.193295,PMC5116906,6,Journal Article,yes,yes
John_2016,27643959,John,2016,The quorum sensing molecule N-acyl homoserine lactone produced by Acinetobacter baumannii displays antibacterial and anticancer properties.,Biofouling,10.1080/08927014.2016.1221946,,11,Journal Article,yes,unknown
Selasi_2016,27622249,Selasi,2016,"Differences in Biofilm Mass, Expression of Biofilm-Associated Genes, and Resistance to Desiccation between Epidemic and Sporadic Clones of Carbapenem-Resistant Acinetobacter baumannii Sequence Type 191.",PloS one,10.1371/journal.pone.0162576,PMC5021322,9,Journal Article,yes,yes
Buttimer_2016,27563033,Buttimer,2016,Genome Sequence of Jumbo Phage vB_AbaM_ME3 of Acinetobacter baumanni.,Genome announcements,10.1128/genomeA.00431-16,PMC5000817,9,Journal Article,yes,yes
Pourhajibagher_2016,27444886,Pourhajibagher,2016,Modulation of virulence in Acinetobacter baumannii cells surviving photodynamic treatment with toluidine blue.,Photodiagnosis and photodynamic therapy,10.1016/j.pdpdt.2016.07.007,,8,Journal Article,yes,unknown
Modarresi_2016,27307980,Modarresi,2016,Cloning and expression of quorum sensing N-acyl-homoserine synthase (LuxI) gene detected in Acinetobacter baumannii.,Iranian journal of microbiology,,PMC4906721,5,Journal Article,yes,yes
Blackwell_2016,27303751,Blackwell,2016,IncM Plasmid R1215 Is the Source of Chromosomally Located Regions Containing Multiple Antibiotic Resistance Genes in the Globally Disseminated Acinetobacter baumannii GC1 and GC2 Clones.,mSphere,10.1128/mSphere.00117-16,PMC4899885,3,Journal Article,yes,yes
Liu_2016,27240484,Liu,2016,Analysis of tigecycline resistance development in clinical Acinetobacter baumannii isolates through a combined genomic and transcriptomic approach.,Scientific reports,10.1038/srep26930,PMC4886253,10,"Case Reports; Journal Article; Research Support, Non-U.S. Gov't",yes,yes
Liu_2016_2,27234982,Liu,2016,Biofilm-Related Genes: Analyses in Multi-Antibiotic Resistant Acinetobacter Baumannii Isolates From Mainland China.,Medical science monitor : international medical journal of experimental and clinical research,10.12659/msm.898959,PMC4913728,7,Journal Article,yes,yes
Tan_2016,27001817,Tan,2016,Candida albicans Airway Colonization Facilitates Subsequent Acinetobacter baumannii Pneumonia in a Rat Model.,Antimicrobial agents and chemotherapy,10.1128/AAC.02180-15,PMC4879401,8,Journal Article,yes,yes
Alves_2016,26901586,Alves,2016,"Study of the major essential oil compounds of Coriandrum sativum against Acinetobacter baumannii and the effect of linalool on adhesion, biofilms and quorum sensing.",Biofouling,10.1080/08927014.2015.1133810,,4,"Journal Article; Research Support, Non-U.S. Gov't",yes,unknown
Tay_2016,26779961,Tay,2016,Anti-virulent Disruption of Pathogenic Biofilms using Engineered Quorum-quenching Lactonases.,Journal of visualized experiments : JoVE,10.3791/53243,PMC4780937,4,"Journal Article; Research Support, Non-U.S. Gov't; Video-Audio Media",yes,yes
Blackwell_2015,26666934,Blackwell,2015,"Evolution of AbGRI2-0, the Progenitor of the AbGRI2 Resistance Island in Global Clone 2 of Acinetobacter baumannii.",Antimicrobial agents and chemotherapy,10.1128/AAC.02662-15,PMC4775934,3,"Journal Article; Research Support, Non-U.S. Gov't",yes,yes
Bhargava_2015,26582430,Bhargava,2015,Attenuation of quorum sensing-mediated virulence of Acinetobacter baumannii by Glycyrrhiza glabra flavonoids.,Future microbiology,10.2217/fmb.15.107,,5,"Journal Article; Research Support, Non-U.S. Gov't",yes,unknown
Kostoulias_2015,26482299,Kostoulias,2015,Impact of a Cross-Kingdom Signaling Molecule of Candida albicans on Acinetobacter baumannii Physiology.,Antimicrobial agents and chemotherapy,10.1128/AAC.01540-15,PMC4704244,8,"Journal Article; Research Support, N.I.H., Extramural; Research Support, Non-U.S. Gov't",yes,yes
Modarresi_2015,26350174,Modarresi,2015,"Effect of iron on expression of efflux pump (adeABC) and quorum sensing (luxI, luxR) genes in clinical isolates of Acinetobacter baumannii.","APMIS : acta pathologica, microbiologica, et immunologica Scandinavica",10.1111/apm.12455,,6,"Journal Article; Research Support, Non-U.S. Gov't",yes,unknown
Kandi_2015,26266122,Kandi,2015,Biofilm Production Correlating with Multidrug Resistance Among Clinical Isolates of Acinetobacter baumannii.,Journal of clinical and diagnostic research : JCDR,10.7860/JCDR/2015/13069.6084,PMC4525511,1,Journal Article,no,yes
Kim_2015,26100696,Kim,2015,AbaR-type genomic islands in non-baumannii Acinetobacter species isolates from South Korea.,Antimicrobial agents and chemotherapy,10.1128/AAC.01175-15,PMC4538507,2,"Journal Article; Research Support, Non-U.S. Gov't",yes,yes
He_2015,26033730,He,2015,Biofilm Formation Caused by Clinical Acinetobacter baumannii Isolates Is Associated with Overexpression of the AdeFGH Efflux Pump.,Antimicrobial agents and chemotherapy,10.1128/AAC.00877-15,PMC4505227,9,"Journal Article; Research Support, Non-U.S. Gov't",yes,yes
Tipton_2015,26013481,Tipton,2015,Phase-Variable Control of Multiple Phenotypes in Acinetobacter baumannii Strain AB5075.,Journal of bacteriology,10.1128/JB.00188-15,PMC4518826,3,"Journal Article; Research Support, N.I.H., Extramural; Research Support, Non-U.S. Gov't; Research Support, U.S. Gov't, Non-P.H.S.",yes,yes
Luo_2015,25888221,Luo,2015,Enhancing pili assembly and biofilm formation in Acinetobacter baumannii ATCC19606 using non-native acyl-homoserine lactones.,BMC microbiology,10.1186/s12866-015-0397-5,PMC4381447,8,"Journal Article; Research Support, Non-U.S. Gov't",yes,yes
Saranathan_2015,25726848,Saranathan,2015,Emergence of carbapenem non-susceptible multidrug resistant Acinetobacter baumannii strains of clonal complexes 103(B) and 92(B) harboring OXA-type carbapenemases and metallo-β-lactamases in Southern India.,Microbiology and immunology,10.1111/1348-0421.12252,,10,"Journal Article; Research Support, Non-U.S. Gov't",yes,unknown
Jung_2015,25693672,Jung,2015,Acinetobacter species as model microorganisms in environmental microbiology: current state and perspectives.,Applied microbiology and biotechnology,10.1007/s00253-015-6439-y,,2,"Journal Article; Research Support, Non-U.S. Gov't; Review",yes,unknown
Modarresi_2015_2,25622119,Modarresi,2015,Iron limitation enhances acyl homoserine lactone (AHL) production and biofilm formation in clinical isolates of Acinetobacter baumannii.,Virulence,10.1080/21505594.2014.1003001,PMC4601488,6,"Journal Article; Research Support, Non-U.S. Gov't",yes,yes
Liu_2014,25534766,Liu,2014,Comparative genomic analysis of Acinetobacter baumannii clinical isolates reveals extensive genomic variation and diverse antibiotic resistance determinants.,BMC genomics,10.1186/1471-2164-15-1163,PMC4367897,6,"Comparative Study; Journal Article; Research Support, Non-U.S. Gov't",yes,yes
Li_2014,25487793,Li,2014,Evolution of carbapenem-resistant Acinetobacter baumannii revealed through whole-genome sequencing and comparative genomic analysis.,Antimicrobial agents and chemotherapy,10.1128/AAC.04609-14,PMC4335871,10,"Journal Article; Research Support, Non-U.S. Gov't",yes,yes
Chang_2014,25260865,Chang,2014,Transcriptome profiling in imipenem-selected Acinetobacter baumannii.,BMC genomics,10.1186/1471-2164-15-815,PMC4192346,9,"Journal Article; Research Support, Non-U.S. Gov't",yes,yes
Traglia_2014,25164683,Traglia,2014,Whole-genome sequence analysis of the naturally competent Acinetobacter baumannii clinical isolate A118.,Genome biology and evolution,10.1093/gbe/evu176,PMC4202317,5,"Journal Article; Research Support, N.I.H., Extramural; Research Support, Non-U.S. Gov't",yes,yes
Merabishvili_2014,25111143,Merabishvili,2014,Characterization of newly isolated lytic bacteriophages active against Acinetobacter baumannii.,PloS one,10.1371/journal.pone.0104853,PMC4128745,10,"Journal Article; Research Support, Non-U.S. Gov't",yes,yes
Chan_2014,25101326,Chan,2014,Tandem mass spectrometry detection of quorum sensing activity in multidrug resistant clinical isolate Acinetobacter baumannii.,TheScientificWorldJournal,10.1155/2014/891041,PMC4101932,5,"Journal Article; Research Support, Non-U.S. Gov't",yes,yes
Peng_2014,24996449,Peng,2014,"Characterization, sequencing and comparative genomic analysis of vB_AbaM-IME-AB2, a novel lytic bacteriophage that infects multidrug-resistant Acinetobacter baumannii clinical isolates.",BMC microbiology,10.1186/1471-2180-14-181,PMC4094691,10,"Journal Article; Research Support, Non-U.S. Gov't",yes,yes
Allen_2014,24914982,Allen,2014,Structural and bioinformatic characterization of an Acinetobacter baumannii type II carrier protein.,"Acta crystallographica. Section D, Biological crystallography",10.1107/S1399004714008311,PMC4051507,2,"Journal Article; Research Support, N.I.H., Extramural; Research Support, U.S. Gov't, Non-P.H.S.",yes,yes
Bhargava_2014,24891106,Bhargava,2014,Pyocyanin stimulates quorum sensing-mediated tolerance to oxidative stress and increases persister cell populations in Acinetobacter baumannii.,Infection and immunity,10.1128/IAI.01600-14,PMC4136213,3,"Journal Article; Research Support, Non-U.S. Gov't",yes,yes
Chow_2013,24379199,Chow,2013,Disruption of biofilm formation by the human pathogen Acinetobacter baumannii using engineered quorum-quenching lactonases.,Antimicrobial agents and chemotherapy,10.1128/AAC.02410-13,PMC3957888,5,"Journal Article; Research Support, Non-U.S. Gov't",yes,yes
Que_2013,24367477,Que,2013,A quorum sensing small volatile molecule promotes antibiotic tolerance in bacteria.,PloS one,10.1371/journal.pone.0080140,PMC3868577,12,"Journal Article; Research Support, N.I.H., Extramural; Research Support, Non-U.S. Gov't",yes,yes
Gayoso_2013,24299215,Gayoso,2013,Molecular mechanisms involved in the response to desiccation stress and persistence in Acinetobacter baumannii.,Journal of proteome research,10.1021/pr400603f,,8,"Journal Article; Research Support, N.I.H., Extramural",yes,unknown
Hamidian_2013,24235096,Hamidian,2013,A GC1 Acinetobacter baumannii isolate carrying AbaR3 and the aminoglycoside resistance transposon TnaphA6 in a conjugative plasmid.,The Journal of antimicrobial chemotherapy,10.1093/jac/dkt454,PMC3956371,5,"Journal Article; Research Support, Non-U.S. Gov't",yes,yes
RumboFeal_2013,24023660,Rumbo-Feal,2013,Whole transcriptome analysis of Acinetobacter baumannii assessed by RNA-sequencing reveals different mRNA expression profiles in biofilm compared to planktonic cells.,PloS one,10.1371/journal.pone.0072968,PMC3758355,12,"Comparative Study; Journal Article; Research Support, Non-U.S. Gov't",yes,yes
Vilacoba_2013,23985923,Vilacoba,2013,Outbreak of extensively drug-resistant Acinetobacter baumannii indigo-pigmented strains.,Journal of clinical microbiology,10.1128/JCM.01388-13,PMC3889758,8,"Journal Article; Research Support, Non-U.S. Gov't",yes,yes
Kim_2013,23939892,Kim,2013,Spread of carbapenem-resistant Acinetobacter baumannii global clone 2 in Asia and AbaR-type resistance islands.,Antimicrobial agents and chemotherapy,10.1128/AAC.00633-13,PMC3811275,16,"Journal Article; Research Support, Non-U.S. Gov't",yes,yes
Garner_2013,23853689,Garner,2013,Retraction: Stereochemical insignificance discovered in Acinetobacter baumannii quorum sensing.,PloS one,10.1371/annotation/8f2ddf91-3499-4627-9a91-449b78465f9d,PMC3634625,8,Retraction Notice,no,yes
Zhu_2013,23826102,Zhu,2013,Complete genome analysis of three Acinetobacter baumannii clinical isolates in China for insight into the diversification of drug resistance elements.,PloS one,10.1371/journal.pone.0066584,PMC3691203,10,"Journal Article; Research Support, N.I.H., Extramural; Research Support, Non-U.S. Gov't",yes,yes
Golberg_2013,23777289,Golberg,2013,"Coral-associated bacteria, quorum sensing disrupters, and the regulation of biofouling.",Biofouling,10.1080/08927014.2013.796939,,4,"Journal Article; Research Support, Non-U.S. Gov't",yes,unknown
Garner_2013_2,23690906,Garner,2013,Retraction: Stereochemical insignificance discovered in Acinetobacter baumannii quorum sensing.,PloS one,10.1371/annotation/1345f9b0-016e-4123-9e72-6ccc4fa17ba2,PMC3655197,8,Retraction Notice,no,yes
Ramrez_2013,23397241,Ramírez,2013,Spreading of AbaR-type genomic islands in multidrug resistance Acinetobacter baumannii strains belonging to different clonal complexes.,Current microbiology,10.1007/s00284-013-0326-5,,10,"Journal Article; Research Support, Non-U.S. Gov't",yes,unknown
Saroj_2013,23318804,Saroj,2013,Streptomycin inhibits quorum sensing in Acinetobacter baumannii.,Antimicrobial agents and chemotherapy,10.1128/AAC.02161-12,PMC3623334,2,"Journal Article; Research Support, N.I.H., Extramural; Research Support, U.S. Gov't, Non-P.H.S.",yes,yes
Stacy_2012,23258305,Stacy,2012,Synthesis and biological evaluation of triazole-containing N-acyl homoserine lactones as quorum sensing modulators.,Organic & biomolecular chemistry,10.1039/c2ob27155a,PMC3566574,9,"Journal Article; Research Support, N.I.H., Extramural; Research Support, Non-U.S. Gov't; Research Support, U.S. Gov't, Non-P.H.S.",yes,yes
Nigro_2012,23169892,Nigro,2012,"A novel family of genomic resistance islands, AbGRI2, contributing to aminoglycoside resistance in Acinetobacter baumannii isolates belonging to global clone 2.",The Journal of antimicrobial chemotherapy,10.1093/jac/dks459,,4,"Journal Article; Research Support, Non-U.S. Gov't",yes,unknown
Sung_2012,22950067,Sung,2012,"AbaR7, a genomic resistance island found in multidrug-resistant Acinetobacter baumannii isolates in Daejeon, Korea.",Annals of laboratory medicine,10.3343/alm.2012.32.5.324,PMC3427819,4,"Journal Article; Research Support, Non-U.S. Gov't",yes,yes
Bhargava_2012,22867087,Bhargava,2012,N-acyl homoserine lactone mediated interspecies interactions between A. baumannii and P. aeruginosa.,Biofouling,10.1080/08927014.2012.714372,,3,"Journal Article; Research Support, Non-U.S. Gov't",yes,unknown
Stacy_2012_2,22853441,Stacy,2012,Attenuation of quorum sensing in the pathogen Acinetobacter baumannii using non-native N-Acyl homoserine lactones.,ACS chemical biology,10.1021/cb300351x,PMC3477293,4,"Journal Article; Research Support, N.I.H., Extramural; Research Support, Non-U.S. Gov't; Research Support, U.S. Gov't, Non-P.H.S.",yes,yes
Bitrian_2012,22847269,Bitrian,2012,Identification of virulence markers in clinically relevant strains of Acinetobacter genospecies.,International microbiology : the official journal of the Spanish Society for Microbiology,10.2436/20.1501.01.161,,4,"Journal Article; Research Support, Non-U.S. Gov't",yes,unknown
McQueary_2012,22752907,McQueary,2012,Extracellular stress and lipopolysaccharide modulate Acinetobacter baumannii surface-associated motility.,"Journal of microbiology (Seoul, Korea)",10.1007/s12275-012-1555-1,,7,"Journal Article; Research Support, Non-U.S. Gov't",yes,unknown
Arduino_2012,22723256,Arduino,2012,Transposons and integrons in colistin-resistant clones of Klebsiella pneumoniae and Acinetobacter baumannii with epidemic or sporadic behaviour.,Journal of medical microbiology,10.1099/jmm.0.038968-0,,9,"Journal Article; Research Support, Non-U.S. Gov't",yes,unknown
Kim_2012,22668861,Kim,2012,Variations of AbaR4-type resistance islands in Acinetobacter baumannii isolates from South Korea.,Antimicrobial agents and chemotherapy,10.1128/AAC.00880-12,PMC3421569,3,"Journal Article; Research Support, Non-U.S. Gov't",yes,yes
Garner_2012,22629354,Garner,2012,Stereochemical insignificance discovered in Acinetobacter baumannii quorum sensing.,PloS one,10.1371/journal.pone.0037102,PMC3358330,8,"Journal Article; Research Support, N.I.H., Extramural; Research Support, Non-U.S. Gov't; Retracted Publication",yes,yes
Seputiene_2012,22290980,Seputiene,2012,Novel variants of AbaR resistance islands with a common backbone in Acinetobacter baumannii isolates of European clone II.,Antimicrobial agents and chemotherapy,10.1128/AAC.05678-11,PMC3318354,3,"Journal Article; Research Support, Non-U.S. Gov't",yes,yes
Bonnin_2011,21965430,Bonnin,2011,AbaR-type transposon structures in Acinetobacter baumannii.,The Journal of antimicrobial chemotherapy,10.1093/jac/dkr413,,3,"Letter; Research Support, Non-U.S. Gov't",no,unknown
Hamidian_2011,21873287,Hamidian,2011,AbaR4 replaces AbaR3 in a carbapenem-resistant Acinetobacter baumannii isolate belonging to global clone 1 from an Australian hospital.,The Journal of antimicrobial chemotherapy,10.1093/jac/dkr356,,2,"Journal Article; Research Support, Non-U.S. Gov't",yes,unknown
Zhou_2011,21788470,Zhou,2011,Genomic analysis of the multidrug-resistant Acinetobacter baumannii strain MDR-ZJ06 widely spread in China.,Antimicrobial agents and chemotherapy,10.1128/AAC.01134-10,PMC3187012,8,"Journal Article; Research Support, Non-U.S. Gov't",yes,yes
Clemmer_2011,21700662,Clemmer,2011,Genetic analysis of surface motility in Acinetobacter baumannii.,"Microbiology (Reading, England)",10.1099/mic.0.049791-0,PMC3352170,3,"Journal Article; Research Support, N.I.H., Extramural; Research Support, Non-U.S. Gov't; Research Support, U.S. Gov't, Non-P.H.S.",yes,yes
Krizova_2011,21537009,Krizova,2011,Diversity and evolution of AbaR genomic resistance islands in Acinetobacter baumannii strains of European clone I.,Antimicrobial agents and chemotherapy,10.1128/AAC.00221-11,PMC3122396,3,"Journal Article; Research Support, Non-U.S. Gov't",yes,yes
Kang_2011,21369976,Kang,2011,Acinetobacter oleivorans sp. nov. is capable of adhering to and growing on diesel-oil.,"Journal of microbiology (Seoul, Korea)",10.1007/s12275-011-0315-y,,4,"Journal Article; Research Support, Non-U.S. Gov't",yes,unknown
Turton_2011,21289143,Turton,2011,Use of the accessory genome for characterization and typing of Acinetobacter baumannii.,Journal of clinical microbiology,10.1128/JCM.02335-10,PMC3122835,3,Evaluation Study; Journal Article,yes,yes
Ramirez_2011,21282446,Ramirez,2011,Genomic analysis of Acinetobacter baumannii A118 by comparison of optical maps: identification of structures related to its susceptibility phenotype.,Antimicrobial agents and chemotherapy,10.1128/AAC.01595-10,PMC3067174,5,"Journal Article; Research Support, N.I.H., Extramural; Research Support, U.S. Gov't, Non-P.H.S.",yes,yes
Bhargava_2010,20846031,Bhargava,2010,Quorum sensing in Acinetobacter: an emerging pathogen.,Critical reviews in microbiology,10.3109/1040841X.2010.512269,,3,Journal Article; Review,yes,unknown
Post_2010,20375036,Post,2010,Evolution of AbaR-type genomic resistance islands in multiply antibiotic-resistant Acinetobacter baumannii.,The Journal of antimicrobial chemotherapy,10.1093/jac/dkq095,,3,"Journal Article; Research Support, Non-U.S. Gov't",yes,unknown
Gonzlez_2009,19623895,González,2009,Quorum sensing signal profile of Acinetobacter strains from nosocomial and environmental sources.,Revista Argentina de microbiologia,,,4,"Comparative Study; Journal Article; Research Support, Non-U.S. Gov't",yes,unknown
Peleg_2009,19332683,Peleg,2009,Galleria mellonella as a model system to study Acinetobacter baumannii pathogenesis and therapeutics.,Antimicrobial agents and chemotherapy,10.1128/AAC.01533-08,PMC2687231,6,"Journal Article; Research Support, N.I.H., Extramural; Research Support, Non-U.S. Gov't",yes,yes
Peleg_2008,18794525,Peleg,2008,Prokaryote-eukaryote interactions identified by using Caenorhabditis elegans.,Proceedings of the National Academy of Sciences of the United States of America,10.1073/pnas.0805048105,PMC2567192,6,"Journal Article; Research Support, N.I.H., Extramural; Research Support, Non-U.S. Gov't",yes,yes
Vallenet_2008,18350144,Vallenet,2008,Comparative analysis of Acinetobacters: three genomes for three lifestyles.,PloS one,10.1371/journal.pone.0001805,PMC2265553,20,Comparative Study; Journal Article,yes,yes
Niu_2008,18281398,Niu,2008,Isolation and characterization of an autoinducer synthase from Acinetobacter baumannii.,Journal of bacteriology,10.1128/JB.01929-07,PMC2347373,4,"Journal Article; Research Support, N.I.H., Extramural; Research Support, Non-U.S. Gov't",yes,yes
BogelmezTinaz_2005,16255145,Boşgelmez-Tinaz,2005,N-butanoyl-L-homoserine lactone (BHL) deficient Pseudomonas aeruginosa isolates from an intensive care unit.,Microbiological research,10.1016/j.micres.2005.03.005,,5,"Journal Article; Research Support, Non-U.S. Gov't",yes,unknown
